<?xml version="1.0" encoding="UTF-8"?>

<Characters>
    <singleplayer1>
        <CellInfo 
        cellBackgroundImage="2053442207" 
        cellStyle="0" 
        reuseIdentifier="singleplayer2"
        characterImage="1410748682"
        customizeCharacterImage="443862288"
        characterName="Franklin"
        characterPos="20,13"
        characterNamePos="10, 30"
        characterType="1"
        customizeCharacterHeaderPos="5,3"
        plateCharacterHeaderPos="5,6"
        defaultCar="-1008861746"
        />  
    </singleplayer1>
    <singleplayer0>
        <CellInfo 
            cellBackgroundImage="2053442207" 
            cellStyle="0" 
            reuseIdentifier="singleplayer0"
            characterImage="652637648"
            customizeCharacterImage="364613081"
            characterName="Michael"
            characterPos="20,13"
            characterNamePos="10, 30"
            characterType="0"
            customizeCharacterHeaderPos="5,3"
            plateCharacterHeaderPos="5,6"
            defaultCar="736902334"
            />        
    </singleplayer0>
    <singleplayer2> 
        <CellInfo 
        cellBackgroundImage="2053442207" 
        cellStyle="0" 
        reuseIdentifier="singleplayer1"
        characterImage="1221998284"
        customizeCharacterImage="170570481"
        characterName="Trevor"
        characterPos="20,13"
        characterNamePos="10, 30"
        characterType="2"
        customizeCharacterHeaderPos="5,3"
        plateCharacterHeaderPos="5,6"
        defaultCar="-1435919434"
        />        
    </singleplayer2>

    <multiplayer0> 
        <CellInfo 
            cellBackgroundImage="2053442207" 
            cellStyle="0" 
            reuseIdentifier="multiplayer"
            characterImage="1813188280"
            customizeCharacterImage="1786806326"
            customizeCharacterHeaderPos="10,6"
            plateCharacterHeaderPos="5,6"
            characterType="3"
            characterName="Michael"
            characterPos="20,14"
            characterNamePos="10, 30"
            profileImage="1809590124"
        />        
    </multiplayer0>
    <multiplayer1> 
        <CellInfo 
        cellBackgroundImage="2053442207" 
        cellStyle="0" 
        reuseIdentifier="multiplayer"
        characterImage="1813188280"
        customizeCharacterImage="1786806326"
        customizeCharacterHeaderPos="10,6"
        plateCharacterHeaderPos="5,6"
        characterType="4"
        characterName="Michael"
        characterPos="20,14"
        characterNamePos="10, 30"
        profileImage="1809393516"
        />        
    </multiplayer1>
    <multiplayer2> 
        <CellInfo 
        cellBackgroundImage="2053442207" 
        cellStyle="0" 
        reuseIdentifier="multiplayer"
        characterImage="1813188280"
        customizeCharacterImage="1786806326"
        customizeCharacterHeaderPos="10,6"
        plateCharacterHeaderPos="5,6"
        characterType="5"
        characterName="Michael"
        characterPos="20,14"
        characterNamePos="10, 30"
        profileImage="1809459052"
        />        
    </multiplayer2>
    <multiplayer3> 
        <CellInfo 
        cellBackgroundImage="2053442207" 
        cellStyle="0" 
        reuseIdentifier="multiplayer"
        characterImage="1813188280"
        customizeCharacterImage="1786806326"
        customizeCharacterHeaderPos="10,6"
        plateCharacterHeaderPos="5,6"
        characterType="6"
        characterName="Michael"
        characterPos="20,14"
        characterNamePos="10, 30"
        profileImage="1809262444"
        />        
    </multiplayer3>
    <multiplayer4> 
        <CellInfo 
        cellBackgroundImage="2053442207" 
        cellStyle="0" 
        reuseIdentifier="multiplayer"
        characterImage="1813188280"
        customizeCharacterImage="1786806326"
        customizeCharacterHeaderPos="10,2"
        plateCharacterHeaderPos="5,6"
        characterType="7"
        characterName="Michael"
        characterPos="20,14"
        characterNamePos="10, 30"
        profileImage="1809327980"
        />        
    </multiplayer4>
</Characters>