<?xml version="1.0" encoding="UTF-8"?>
<VehicleData>
  <Horns>
    <Horn_def>
      <name>ADMIRAL_HORN</name>
      <hash>2298630992</hash>
      <filename>test.wav</filename>
    </Horn_def>

    <Horn_def>
      <name>MUSICAL_HORN_PATTERN_1</name>
      <hash>2298630992</hash>
      <filename>test.wav</filename>
    </Horn_def>
    <Horn_def>
      <name>MUSICAL_HORN_PATTERN_2</name>
      <hash>2298630992</hash>
      <filename>test.wav</filename>
    </Horn_def>
    <Horn_def>
      <name>MUSICAL_HORN_PATTERN_3</name>
      <hash>2298630992</hash>
      <filename>test.wav</filename>
    </Horn_def>
    <Horn_def>
      <name>MUSICAL_HORN_PATTERN_4</name>
      <hash>2298630992</hash>
      <filename>test.wav</filename>
    </Horn_def>
    <Horn_def>
      <name>MUSICAL_HORN_PATTERN_5</name>
      <hash>2298630992</hash>
      <filename>test.wav</filename>
    </Horn_def>
    <Horn_def>
      <name>ADMIRAL_MULTI_HORN</name>
      <hash>191319319</hash>
      <filename>test.wav</filename>
    </Horn_def>
    <Horn_def>
      <name>AMBULANCE_HORN</name>
      <hash>3358802062</hash>
      <filename>test.wav</filename>
    </Horn_def>
    <Horn_def>
      <name>ASSEMBLY</name>
      <hash>2298630992</hash>
      <filename>test.wav</filename>
    </Horn_def>
    <Horn_def>
      <name>BANSHEE_MULTI_HORN</name>
      <hash>2067236759</hash>
      <filename>test.wav</filename>
    </Horn_def>
    <Horn_def>
      <name>BARONY_HORN</name>
      <hash>2645743962</hash>
      <filename>test.wav</filename>
    </Horn_def>
    <Horn_def>
      <name>BENSON_HORN</name>
      <hash>1240440157</hash>
      <filename>test.wav</filename>
    </Horn_def>
    <Horn_def>
      <name>BIFF_HORN</name>
      <hash>3961253639</hash>
      <filename>test.wav</filename>
    </Horn_def>
    <Horn_def>
      <name>BLISTA_HORN</name>
      <hash>840123650</hash>
      <filename>test.wav</filename>
    </Horn_def>
    <Horn_def>
      <name>BOBBER_HORN</name>
      <hash>774231783</hash>
      <filename>test.wav</filename>
    </Horn_def>
    <Horn_def>
      <name>BOBBER_HORN_MT</name>
      <hash>845032802</hash>
      <filename>test.wav</filename>
    </Horn_def>
    <Horn_def>
      <name>BOBCAT_HORN</name>
      <hash>2034716230</hash>
      <filename>test.wav</filename>
    </Horn_def>
    <Horn_def>
      <name>BOBCAT_MULTI_HORN</name>
      <hash>1047202818</hash>
      <filename>test.wav</filename>
    </Horn_def>
    <Horn_def>
      <name>BOXVILLE_HORN</name>
      <hash>2577385353</hash>
      <filename>test.wav</filename>
    </Horn_def>
    <Horn_def>
      <name>BUCCANEER_HORN</name>
      <hash>2740805095</hash>
      <filename>test.wav</filename>
    </Horn_def>
    <Horn_def>
      <name>BUCCANEER_MULTI_HORN</name>
      <hash>2944629044</hash>
      <filename>test.wav</filename>
    </Horn_def>
    <Horn_def>
      <name>BULLOCK_HORN</name>
      <hash>4020220133</hash>
      <filename>test.wav</filename>
    </Horn_def>
    <Horn_def>
      <name>BURRITO_HORN</name>
      <hash>3378072006</hash>
      <filename>test.wav</filename>
    </Horn_def>
    <Horn_def>
      <name>BUS_HORN</name>
      <hash>3924393029</hash>
      <filename>test.wav</filename>
    </Horn_def>
    <Horn_def>
      <name>CABBY_HORN</name>
      <hash>466139422</hash>
      <filename>test.wav</filename>
    </Horn_def>
    <Horn_def>
      <name>CADDY_HORN</name>
      <hash>3780552915</hash>
      <filename>test.wav</filename>
    </Horn_def>
    <Horn_def>
      <name>CAVALCADE_HORN</name>
      <hash>4286696013</hash>
      <filename>test.wav</filename>
    </Horn_def>
    <Horn_def>
      <name>CAVALCADE_MULTI_HORN</name>
      <hash>3490340525</hash>
      <filename>test.wav</filename>
    </Horn_def>
    <Horn_def>
      <name>CHAVOS_HORN</name>
      <hash>1231525775</hash>
      <filename>test.wav</filename>
    </Horn_def>
    <Horn_def>
      <name>CHAVOS_MULTI_HORN</name>
      <hash>3823714254</hash>
      <filename>test.wav</filename>
    </Horn_def>
    <Horn_def>
      <name>CLOWN_VAN_HORN</name>
      <hash>2298630992</hash>
      <filename>test.wav</filename>
    </Horn_def>
    <Horn_def>
      <name>COGNOSCENTI_HORN</name>
      <hash>73442859</hash>
      <filename>test.wav</filename>
    </Horn_def>
    <Horn_def>
      <name>COGNOSCIENTI_MULTI_HORN</name>
      <hash>2297197943</hash>
      <filename>test.wav</filename>
    </Horn_def>
    <Horn_def>
      <name>COP_HORN</name>
      <hash>493487669</hash>
      <filename>test.wav</filename>
    </Horn_def>
    <Horn_def>
      <name>COQUETTE_MULTI_HORN</name>
      <hash>275949533</hash>
      <filename>test.wav</filename>
    </Horn_def>
    <Horn_def>
      <name>DESPERADO_HORN</name>
      <hash>2954583901</hash>
      <filename>test.wav</filename>
    </Horn_def>
    <Horn_def>
      <name>DF8-90_HORN</name>
      <hash>1540587907</hash>
      <filename>test.wav</filename>
    </Horn_def>
    <Horn_def>
      <name>DF890_MULTI_HORN</name>
      <hash>3100978793</hash>
      <filename>test.wav</filename>
    </Horn_def>
    <Horn_def>
      <name>DILETTANTE_HORN</name>
      <hash>3908823117</hash>
      <filename>test.wav</filename>
    </Horn_def>
    <Horn_def>
      <name>DIXIE</name>
      <hash>2298630992</hash>
      <filename>test.wav</filename>
    </Horn_def>
    <Horn_def>
      <name>DUKES_HORN</name>
      <hash>3998263761</hash>
      <filename>test.wav</filename>
    </Horn_def>
    <Horn_def>
      <name>E109_HORN</name>
      <hash>3385467094</hash>
      <filename>test.wav</filename>
    </Horn_def>
    <Horn_def>
      <name>E109_MULTI_HORN</name>
      <hash>31476193</hash>
      <filename>test.wav</filename>
    </Horn_def>
    <Horn_def>
      <name>EMPEROR_HORN</name>
      <hash>1296603853</hash>
      <filename>test.wav</filename>
    </Horn_def>
    <Horn_def>
      <name>ESPERANTO_HORN</name>
      <hash>2132914469</hash>
      <filename>test.wav</filename>
    </Horn_def>
    <Horn_def>
      <name>ESPERANTO_MULTI_HORN</name>
      <hash>3112152421</hash>
      <filename>test.wav</filename>
    </Horn_def>
    <Horn_def>
      <name>EXT_HORN</name>
      <hash>1109133942</hash>
      <filename>test.wav</filename>
    </Horn_def>
    <Horn_def>
      <name>EXT_MUTLI_HORN</name>
      <hash>1846973524</hash>
      <filename>test.wav</filename>
    </Horn_def>
    <Horn_def>
      <name>FACTION_HORN</name>
      <hash>3589647309</hash>
      <filename>test.wav</filename>
    </Horn_def>
    <Horn_def>
      <name>FACTION_MULTI_HORN</name>
      <hash>1202232108</hash>
      <filename>test.wav</filename>
    </Horn_def>
    <Horn_def>
      <name>FAGGIO-Z_HORN</name>
      <hash>61095312</hash>
      <filename>test.wav</filename>
    </Horn_def>
    <Horn_def>
      <name>FBI_MULTI_HORN</name>
      <hash>2418708369</hash>
      <filename>test.wav</filename>
    </Horn_def>
    <Horn_def>
      <name>FELTZER_MULTI_HORN</name>
      <hash>3589045844</hash>
      <filename>test.wav</filename>
    </Horn_def>
    <Horn_def>
      <name>FEROCI_HORN</name>
      <hash>3656418578</hash>
      <filename>test.wav</filename>
    </Horn_def>
    <Horn_def>
      <name>FEROCI_MULTI_HORN</name>
      <hash>518730242</hash>
      <filename>test.wav</filename>
    </Horn_def>
    <Horn_def>
      <name>FIRE_HORN</name>
      <hash>4069620735</hash>
      <filename>test.wav</filename>
    </Horn_def>
    <Horn_def>
      <name>FIRST_CALL</name>
      <hash>2298630992</hash>
      <filename>test.wav</filename>
    </Horn_def>
    <Horn_def>
      <name>FLATBED_HORN</name>
      <hash>518145474</hash>
      <filename>test.wav</filename>
    </Horn_def>
    <Horn_def>
      <name>FORKLIFT_HORN</name>
      <hash>2677624485</hash>
      <filename>test.wav</filename>
    </Horn_def>
    <Horn_def>
      <name>FORTUNE_HORN</name>
      <hash>1692232172</hash>
      <filename>test.wav</filename>
    </Horn_def>
    <Horn_def>
      <name>FUTO_HORN</name>
      <hash>1998581769</hash>
      <filename>test.wav</filename>
    </Horn_def>
    <Horn_def>
      <name>HABANERO_HORN</name>
      <hash>2613817813</hash>
      <filename>test.wav</filename>
    </Horn_def>
    <Horn_def>
      <name>HAKUMAI_HORN</name>
      <hash>330152382</hash>
      <filename>test.wav</filename>
    </Horn_def>
    <Horn_def>
      <name>HELLFURY_HORN_MT</name>
      <hash>1554037321</hash>
      <filename>test.wav</filename>
    </Horn_def>
    <Horn_def>
      <name>INFERNUS_HORN</name>
      <hash>764510052</hash>
      <filename>test.wav</filename>
    </Horn_def>
    <Horn_def>
      <name>INFERNUS_MULTI_HORN</name>
      <hash>894979433</hash>
      <filename>test.wav</filename>
    </Horn_def>
    <Horn_def>
      <name>INGOT_HORN</name>
      <hash>994534176</hash>
      <filename>test.wav</filename>
    </Horn_def>
    <Horn_def>
      <name>INTRUDER_MULTI_HORN</name>
      <hash>968613650</hash>
      <filename>test.wav</filename>
    </Horn_def>
    <Horn_def>
      <name>LANDSTALKER_HORN</name>
      <hash>3001423037</hash>
      <filename>test.wav</filename>
    </Horn_def>
    <Horn_def>
      <name>LANDSTALKER_MULTI_HORN</name>
      <hash>1604838341</hash>
      <filename>test.wav</filename>
    </Horn_def>
    <Horn_def>
      <name>LA_CUCARACHA</name>
      <hash>2298630992</hash>
      <filename>test.wav</filename>
    </Horn_def>
    <Horn_def>
      <name>LOKUS_HORN</name>
      <hash>3018828056</hash>
      <filename>test.wav</filename>
    </Horn_def>
    <Horn_def>
      <name>LOKUS_MULTI_HORN</name>
      <hash>3054751276</hash>
      <filename>test.wav</filename>
    </Horn_def>
    <Horn_def>
      <name>MAJESTIC_HORN</name>
      <hash>3862689219</hash>
      <filename>test.wav</filename>
    </Horn_def>
    <Horn_def>
      <name>MANARA_HORN</name>
      <hash>3499667431</hash>
      <filename>test.wav</filename>
    </Horn_def>
    <Horn_def>
      <name>MANARA_MULTI_HORN</name>
      <hash>1550310928</hash>
      <filename>test.wav</filename>
    </Horn_def>
    <Horn_def>
      <name>MARBELLA_HORN</name>
      <hash>1367546362</hash>
      <filename>test.wav</filename>
    </Horn_def>
    <Horn_def>
      <name>MERIT_HORN</name>
      <hash>1825767989</hash>
      <filename>test.wav</filename>
    </Horn_def>
    <Horn_def>
      <name>MERIT_MULTI_HORN</name>
      <hash>2666729630</hash>
      <filename>test.wav</filename>
    </Horn_def>
    <Horn_def>
      <name>MINIVAN_HORN</name>
      <hash>1071337007</hash>
      <filename>test.wav</filename>
    </Horn_def>
    <Horn_def>
      <name>MOONBEAM_HORN</name>
      <hash>3327136798</hash>
      <filename>test.wav</filename>
    </Horn_def>
    <Horn_def>
      <name>MR_TASTY_HORN</name>
      <hash>1907189203</hash>
      <filename>test.wav</filename>
    </Horn_def>
    <Horn_def>
      <name>MULE_HORN</name>
      <hash>441388900</hash>
      <filename>test.wav</filename>
    </Horn_def>
    <Horn_def>
      <name>NRG_HORN</name>
      <hash>2689507987</hash>
      <filename>test.wav</filename>
    </Horn_def>
    <Horn_def>
      <name>NRG_HORN_MT</name>
      <hash>2459002877</hash>
      <filename>test.wav</filename>
    </Horn_def>
    <Horn_def>
      <name>ORACLE_HORN</name>
      <hash>3910899401</hash>
      <filename>test.wav</filename>
    </Horn_def>
    <Horn_def>
      <name>ORACLE_MULTI_HORN</name>
      <hash>4160371912</hash>
      <filename>test.wav</filename>
    </Horn_def>
    <Horn_def>
      <name>PACKER_HORN</name>
      <hash>2359874962</hash>
      <filename>test.wav</filename>
    </Horn_def>
    <Horn_def>
      <name>PATRIOT_MULTI_HORN</name>
      <hash>1660498850</hash>
      <filename>test.wav</filename>
    </Horn_def>
    <Horn_def>
      <name>PCJ_HORN_MT</name>
      <hash>1757506318</hash>
      <filename>test.wav</filename>
    </Horn_def>
    <Horn_def>
      <name>PEYOTE_HORN</name>
      <hash>727443144</hash>
      <filename>test.wav</filename>
    </Horn_def>
    <Horn_def>
      <name>PEYOTE_MULTI_HORN</name>
      <hash>3448849690</hash>
      <filename>test.wav</filename>
    </Horn_def>
    <Horn_def>
      <name>PHANTOM_HORN</name>
      <hash>3682806332</hash>
      <filename>test.wav</filename>
    </Horn_def>
    <Horn_def>
      <name>PINNACLE_HORN</name>
      <hash>2818665064</hash>
      <filename>test.wav</filename>
    </Horn_def>
    <Horn_def>
      <name>PINNACLE_MULTI_HORN</name>
      <hash>443014091</hash>
      <filename>test.wav</filename>
    </Horn_def>
    <Horn_def>
      <name>PMP600_MULTI_HORN</name>
      <hash>3172610279</hash>
      <filename>test.wav</filename>
    </Horn_def>
    <Horn_def>
      <name>PMP_600_HORN</name>
      <hash>1982327528</hash>
      <filename>test.wav</filename>
    </Horn_def>
    <Horn_def>
      <name>POLPAT_MULTI_HORN</name>
      <hash>3277651235</hash>
      <filename>test.wav</filename>
    </Horn_def>
    <Horn_def>
      <name>PONY_HORN</name>
      <hash>508908738</hash>
      <filename>test.wav</filename>
    </Horn_def>
    <Horn_def>
      <name>PREMIER_HORN</name>
      <hash>1064734188</hash>
      <filename>test.wav</filename>
    </Horn_def>
    <Horn_def>
      <name>PREMIER_MULTI_HORN</name>
      <hash>2333919365</hash>
      <filename>test.wav</filename>
    </Horn_def>
    <Horn_def>
      <name>PRESIDENTE_HORN</name>
      <hash>2029283818</hash>
      <filename>test.wav</filename>
    </Horn_def>
    <Horn_def>
      <name>PRESIDENTE_MULTI_HORN</name>
      <hash>49563551</hash>
      <filename>test.wav</filename>
    </Horn_def>
    <Horn_def>
      <name>PREVION_HORN</name>
      <hash>2961248554</hash>
      <filename>test.wav</filename>
    </Horn_def>
    <Horn_def>
      <name>PRIMO_HORN</name>
      <hash>2865532478</hash>
      <filename>test.wav</filename>
    </Horn_def>
    <Horn_def>
      <name>PRIMO_MULTI_HORN</name>
      <hash>2246780189</hash>
      <filename>test.wav</filename>
    </Horn_def>
    <Horn_def>
      <name>RANCHER_HORN</name>
      <hash>73246187</hash>
      <filename>test.wav</filename>
    </Horn_def>
    <Horn_def>
      <name>RANCHER_MULTI_HORN</name>
      <hash>2659714677</hash>
      <filename>test.wav</filename>
    </Horn_def>
    <Horn_def>
      <name>REBLA_HORN</name>
      <hash>969697960</hash>
      <filename>test.wav</filename>
    </Horn_def>
    <Horn_def>
      <name>REVEILLE</name>
      <hash>2298630992</hash>
      <filename>test.wav</filename>
    </Horn_def>
    <Horn_def>
      <name>ROMERO_HORN</name>
      <hash>4039049422</hash>
      <filename>test.wav</filename>
    </Horn_def>
    <Horn_def>
      <name>ROMERO_MULTI_HORN</name>
      <hash>3937370229</hash>
      <filename>test.wav</filename>
    </Horn_def>
    <Horn_def>
      <name>ROM_HORN</name>
      <hash>2514070721</hash>
      <filename>test.wav</filename>
    </Horn_def>
    <Horn_def>
      <name>ROM_MULTI_HORN</name>
      <hash>2919396746</hash>
      <filename>test.wav</filename>
    </Horn_def>
    <Horn_def>
      <name>RUINER_HORN</name>
      <hash>829226666</hash>
      <filename>test.wav</filename>
    </Horn_def>
    <Horn_def>
      <name>RUINER_MULTI_HORN</name>
      <hash>1529911278</hash>
      <filename>test.wav</filename>
    </Horn_def>
    <Horn_def>
      <name>SABRE_GT_HORN</name>
      <hash>3313452132</hash>
      <filename>test.wav</filename>
    </Horn_def>
    <Horn_def>
      <name>SABRE_GT_MULTI_HORN</name>
      <hash>1100807224</hash>
      <filename>test.wav</filename>
    </Horn_def>
    <Horn_def>
      <name>SABRE_HORN</name>
      <hash>2769160474</hash>
      <filename>test.wav</filename>
    </Horn_def>
    <Horn_def>
      <name>SABRE_MULTI_HORN</name>
      <hash>2769160474</hash>
      <filename>test.wav</filename>
    </Horn_def>
    <Horn_def>
      <name>SANCHEZ_HORN_MT</name>
      <hash>3494884893</hash>
      <filename>test.wav</filename>
    </Horn_def>
    <Horn_def>
      <name>SCHAFTER_HORN</name>
      <hash>3740096355</hash>
      <filename>test.wav</filename>
    </Horn_def>
    <Horn_def>
      <name>SCHAFTER_MULTI_HORN</name>
      <hash>1195963418</hash>
      <filename>test.wav</filename>
    </Horn_def>
    <Horn_def>
      <name>SENTINAL_HORN</name>
      <hash>1861125176</hash>
      <filename>test.wav</filename>
    </Horn_def>
    <Horn_def>
      <name>SENTINAL_MULTI_HORN</name>
      <hash>2899827039</hash>
      <filename>test.wav</filename>
    </Horn_def>
    <Horn_def>
      <name>SIRENS_AIRHORN</name>
      <hash>2298630992</hash>
      <filename>test.wav</filename>
    </Horn_def>
    <Horn_def>
      <name>SOLAIR_HORN</name>
      <hash>3861528145</hash>
      <filename>test.wav</filename>
    </Horn_def>
    <Horn_def>
      <name>SPEEDO_HORN</name>
      <hash>2340145244</hash>
      <filename>test.wav</filename>
    </Horn_def>
    <Horn_def>
      <name>STALION_HORN</name>
      <hash>1573614285</hash>
      <filename>test.wav</filename>
    </Horn_def>
    <Horn_def>
      <name>STEED_HORN</name>
      <hash>3091231711</hash>
      <filename>test.wav</filename>
    </Horn_def>
    <Horn_def>
      <name>STOCKADE_HORN</name>
      <hash>2333006186</hash>
      <filename>test.wav</filename>
    </Horn_def>
    <Horn_def>
      <name>STRATUM_HORN</name>
      <hash>2242446825</hash>
      <filename>test.wav</filename>
    </Horn_def>
    <Horn_def>
      <name>STRETCH_HORN</name>
      <hash>2300708256</hash>
      <filename>test.wav</filename>
    </Horn_def>
    <Horn_def>
      <name>STRETCH_MULTI_HORN</name>
      <hash>200472519</hash>
      <filename>test.wav</filename>
    </Horn_def>
    <Horn_def>
      <name>SULTAN_HORN</name>
      <hash>2366991763</hash>
      <filename>test.wav</filename>
    </Horn_def>
    <Horn_def>
      <name>SULTAN_MULTI_HORN</name>
      <hash>1635300742</hash>
      <filename>test.wav</filename>
    </Horn_def>
    <Horn_def>
      <name>SUPER_GT_HORN</name>
      <hash>2622275564</hash>
      <filename>test.wav</filename>
    </Horn_def>
    <Horn_def>
      <name>SWAT_HORN</name>
      <hash>1500756542</hash>
      <filename>test.wav</filename>
    </Horn_def>
    <Horn_def>
      <name>TAXI_CAR_HORN</name>
      <hash>774972520</hash>
      <filename>test.wav</filename>
    </Horn_def>
    <Horn_def>
      <name>TAXI_MULTI_HORN</name>
      <hash>2377820755</hash>
      <filename>test.wav</filename>
    </Horn_def>
    <Horn_def>
      <name>TRASH_HORN</name>
      <hash>186421774</hash>
      <filename>test.wav</filename>
    </Horn_def>
    <Horn_def>
      <name>TURISMO_HORN</name>
      <hash>890047835</hash>
      <filename>test.wav</filename>
    </Horn_def>
    <Horn_def>
      <name>TURISMO_MULTI_HORN</name>
      <hash>1370932881</hash>
      <filename>test.wav</filename>
    </Horn_def>
    <Horn_def>
      <name>URANUS_HORN</name>
      <hash>3441525000</hash>
      <filename>test.wav</filename>
    </Horn_def>
    <Horn_def>
      <name>URANUS_MULTI_HORN</name>
      <hash>3868010042</hash>
      <filename>test.wav</filename>
    </Horn_def>
    <Horn_def>
      <name>VEHICLES_HORNS_CAR_HORN_MED_1</name>
      <hash>138900277</hash>
      <filename>test.wav</filename>
    </Horn_def>
    <Horn_def>
      <name>VEHICLES_HORNS_CAR_HORN_MED_10</name>
      <hash>3990249319</hash>
      <filename>test.wav</filename>
    </Horn_def>
    <Horn_def>
      <name>VEHICLES_HORNS_CAR_HORN_MED_2</name>
      <hash>1832704953</hash>
      <filename>test.wav</filename>
    </Horn_def>
    <Horn_def>
      <name>VEHICLES_HORNS_CAR_HORN_MED_3</name>
      <hash>4081901903</hash>
      <filename>test.wav</filename>
    </Horn_def>
    <Horn_def>
      <name>VEHICLES_HORNS_CAR_HORN_MED_4</name>
      <hash>3411023795</hash>
      <filename>test.wav</filename>
    </Horn_def>
    <Horn_def>
      <name>VEHICLES_HORNS_CAR_HORN_MED_5</name>
      <hash>190609424</hash>
      <filename>test.wav</filename>
    </Horn_def>
    <Horn_def>
      <name>VEHICLES_HORNS_CAR_HORN_MED_6</name>
      <hash>440724528</hash>
      <filename>test.wav</filename>
    </Horn_def>
    <Horn_def>
      <name>VEHICLES_HORNS_CAR_HORN_MED_7</name>
      <hash>3520191327</hash>
      <filename>test.wav</filename>
    </Horn_def>
    <Horn_def>
      <name>VEHICLES_HORNS_CAR_HORN_MED_8</name>
      <hash>3035704181</hash>
      <filename>test.wav</filename>
    </Horn_def>
    <Horn_def>
      <name>VEHICLES_HORNS_CAR_HORN_MED_9</name>
      <hash>2907050568</hash>
      <filename>test.wav</filename>
    </Horn_def>
    <Horn_def>
      <name>VEHICLES_HORNS_TRAWLER_HORN</name>
      <hash>4262139029</hash>
      <filename>test.wav</filename>
    </Horn_def>
    <Horn_def>
      <name>VEHICLES_HORNS_TUG_HORN</name>
      <hash>1892139732</hash>
      <filename>test.wav</filename>
    </Horn_def>
    <Horn_def>
      <name>VEHICLES_TUG_HORN_PITCHED</name>
      <hash>1438670504</hash>
      <filename>test.wav</filename>
    </Horn_def>
    <Horn_def>
      <name>VIGARO_HORN</name>
      <hash>2108430075</hash>
      <filename>test.wav</filename>
    </Horn_def>
    <Horn_def>
      <name>VIGERO2_BROKEN_HORN</name>
      <hash>3951130383</hash>
      <filename>test.wav</filename>
    </Horn_def>
    <Horn_def>
      <name>VIGERO2_BROKEN_MULTITRACK</name>
      <hash>1867206143</hash>
      <filename>test.wav</filename>
    </Horn_def>
    <Horn_def>
      <name>VIGERO2_BROKEN_PITCH_1</name>
      <hash>3739007276</hash>
      <filename>test.wav</filename>
    </Horn_def>
    <Horn_def>
      <name>VIGERO2_BROKEN_PITCH_2</name>
      <hash>3741131883</hash>
      <filename>test.wav</filename>
    </Horn_def>
    <Horn_def>
      <name>VINCENT_HORN</name>
      <hash>2827167629</hash>
      <filename>test.wav</filename>
    </Horn_def>
    <Horn_def>
      <name>VINCENT_MULTI_HORN</name>
      <hash>2669515304</hash>
      <filename>test.wav</filename>
    </Horn_def>
    <Horn_def>
      <name>VIRGO_HORN</name>
      <hash>137505184</hash>
      <filename>test.wav</filename>
    </Horn_def>
    <Horn_def>
      <name>VIRGO_MULTI_HORN</name>
      <hash>3089623904</hash>
      <filename>test.wav</filename>
    </Horn_def>
    <Horn_def>
      <name>VOODOO_HORN</name>
      <hash>992979062</hash>
      <filename>test.wav</filename>
    </Horn_def>
    <Horn_def>
      <name>VOODOO_MULTI_HORN</name>
      <hash>1599599446</hash>
      <filename>test.wav</filename>
    </Horn_def>
    <Horn_def>
      <name>WASHINGTON_HORN</name>
      <hash>3501548577</hash>
      <filename>test.wav</filename>
    </Horn_def>
    <Horn_def>
      <name>WASHINGTON_MULTI_HORN</name>
      <hash>4274490041</hash>
      <filename>test.wav</filename>
    </Horn_def>
    <Horn_def>
      <name>WILLARD_HORN</name>
      <hash>2412306178</hash>
      <filename>test.wav</filename>
    </Horn_def>
    <Horn_def>
      <name>WILLARD_MULTI_HORN</name>
      <hash>1289563636</hash>
      <filename>test.wav</filename>
    </Horn_def>
    <Horn_def>
      <name>WRAPPER_HORN_1</name>
      <hash>1441086487</hash>
      <filename>test.wav</filename>
    </Horn_def>
    <Horn_def>
      <name>WRAPPER_HORN_10</name>
      <hash>3276661681</hash>
      <filename>test.wav</filename>
    </Horn_def>
    <Horn_def>
      <name>WRAPPER_HORN_2</name>
      <hash>1825350681</hash>
      <filename>test.wav</filename>
    </Horn_def>
    <Horn_def>
      <name>WRAPPER_HORN_3</name>
      <hash>1536543893</hash>
      <filename>test.wav</filename>
    </Horn_def>
    <Horn_def>
      <name>WRAPPER_HORN_4</name>
      <hash>848341051</hash>
      <filename>test.wav</filename>
    </Horn_def>
    <Horn_def>
      <name>WRAPPER_HORN_5</name>
      <hash>2898056100</hash>
      <filename>test.wav</filename>
    </Horn_def>
    <Horn_def>
      <name>WRAPPER_HORN_6</name>
      <hash>499309956</hash>
      <filename>test.wav</filename>
    </Horn_def>
    <Horn_def>
      <name>WRAPPER_HORN_7</name>
      <hash>2586128070</hash>
      <filename>test.wav</filename>
    </Horn_def>
    <Horn_def>
      <name>WRAPPER_HORN_8</name>
      <hash>894953444</hash>
      <filename>test.wav</filename>
    </Horn_def>
    <Horn_def>
      <name>WRAPPER_HORN_9</name>
      <hash>4193957324</hash>
      <filename>test.wav</filename>
    </Horn_def>
    <Horn_def>
      <name>WRAPPER_HORN_HIGH_1</name>
      <hash>1838505846</hash>
      <filename>test.wav</filename>
    </Horn_def>
    <Horn_def>
      <name>WRAPPER_HORN_HIGH_10</name>
      <hash>4007888409</hash>
      <filename>test.wav</filename>
    </Horn_def>
    <Horn_def>
      <name>WRAPPER_HORN_HIGH_2</name>
      <hash>1624173591</hash>
      <filename>test.wav</filename>
    </Horn_def>
    <Horn_def>
      <name>WRAPPER_HORN_HIGH_3</name>
      <hash>660814962</hash>
      <filename>test.wav</filename>
    </Horn_def>
    <Horn_def>
      <name>WRAPPER_HORN_HIGH_4</name>
      <hash>3149934492</hash>
      <filename>test.wav</filename>
    </Horn_def>
    <Horn_def>
      <name>WRAPPER_HORN_HIGH_5</name>
      <hash>4049972364</hash>
      <filename>test.wav</filename>
    </Horn_def>
    <Horn_def>
      <name>WRAPPER_HORN_HIGH_6</name>
      <hash>1867268982</hash>
      <filename>test.wav</filename>
    </Horn_def>
    <Horn_def>
      <name>WRAPPER_HORN_HIGH_7</name>
      <hash>406493948</hash>
      <filename>test.wav</filename>
    </Horn_def>
    <Horn_def>
      <name>WRAPPER_HORN_HIGH_8</name>
      <hash>2884853690</hash>
      <filename>test.wav</filename>
    </Horn_def>
    <Horn_def>
      <name>WRAPPER_HORN_HIGH_9</name>
      <hash>149921575</hash>
      <filename>test.wav</filename>
    </Horn_def>
    <Horn_def>
      <name>WRAPPER_HORN_LOW_1</name>
      <hash>4157197037</hash>
      <filename>test.wav</filename>
    </Horn_def>
    <Horn_def>
      <name>WRAPPER_HORN_LOW_10</name>
      <hash>817377302</hash>
      <filename>test.wav</filename>
    </Horn_def>
    <Horn_def>
      <name>WRAPPER_HORN_LOW_2</name>
      <hash>1286982892</hash>
      <filename>test.wav</filename>
    </Horn_def>
    <Horn_def>
      <name>WRAPPER_HORN_LOW_3</name>
      <hash>3566060535</hash>
      <filename>test.wav</filename>
    </Horn_def>
    <Horn_def>
      <name>WRAPPER_HORN_LOW_4</name>
      <hash>2432369085</hash>
      <filename>test.wav</filename>
    </Horn_def>
    <Horn_def>
      <name>WRAPPER_HORN_LOW_5</name>
      <hash>4047902762</hash>
      <filename>test.wav</filename>
    </Horn_def>
    <Horn_def>
      <name>WRAPPER_HORN_LOW_6</name>
      <hash>956594825</hash>
      <filename>test.wav</filename>
    </Horn_def>
    <Horn_def>
      <name>WRAPPER_HORN_LOW_7</name>
      <hash>765175359</hash>
      <filename>test.wav</filename>
    </Horn_def>
    <Horn_def>
      <name>WRAPPER_HORN_LOW_8</name>
      <hash>1572884440</hash>
      <filename>test.wav</filename>
    </Horn_def>
    <Horn_def>
      <name>WRAPPER_HORN_LOW_9</name>
      <hash>3391164806</hash>
      <filename>test.wav</filename>
    </Horn_def>
    <Horn_def>
      <name>YANKEE_HORN</name>
      <hash>3026814093</hash>
      <filename>test.wav</filename>
    </Horn_def>
    <Horn_def>
      <name>ZOMBIE_HORN_MT</name>
      <hash>872675880</hash>
      <filename>test.wav</filename>
    </Horn_def>
  </Horns>
  <VehicleNames>
    <VEHICLE_DEF>
      <hash>-1216765807</hash>
      <key>ADDER</key>
      <en>TruffadeAdderKey</en>
      <Category>GenericSports</Category>
      <wheelType>VWT_SPORT</wheelType>
      <defaultWheel>740881296</defaultWheel>
    </VEHICLE_DEF>
    <VEHICLE_DEF>
      <hash>1672195559</hash>
      <key>AKUMA</key>
      <en>DinkaAkumaKey</en>
      <Category>BikeGenericSports</Category>
      <wheelType>VWT_BIKE</wheelType>
      <defaultWheel>740946834</defaultWheel>
      <ModNames>
        <item>
          <type>7</type>
          <index>1</index>
          <name>MNU_EXHB1</name>
        </item>
        <item>
          <type>7</type>
          <index>2</index>
          <name>MNU_EXHB2</name>
        </item>
      </ModNames>
    </VEHICLE_DEF>
    <VEHICLE_DEF>
      <hash>-1809822327</hash>
      <key>ASEA</key>
      <en>DeclasseAseaKey</en>
      <Category>Generic4Door</Category>
      <wheelType>VWT_TUNER</wheelType>
      <defaultWheel>741798800</defaultWheel>
      <ModNames>
        <item>
          <type>7</type>
          <index>1</index>
          <name>MNU_EXH5</name>
        </item>
      </ModNames>
    </VEHICLE_DEF>
    <VEHICLE_DEF>
      <hash>-1903012613</hash>
      <key>ASTROPE</key>
      <en>KarinAsteropeKey</en>
      <Category>Generic4Door</Category>
      <wheelType>VWT_SPORT</wheelType>
      <defaultWheel>741077906</defaultWheel>
    </VEHICLE_DEF>
    <VEHICLE_DEF>
      <hash>-2140431165</hash>
      <key>BAGGER</key>
      <en>WesternBaggerKey</en>
      <Category>BikeGenericHarley</Category>
      <wheelType>VWT_SPORT</wheelType>
      <defaultWheel>1550077872</defaultWheel>
      <ModNames>
        <item>
          <type>7</type>
          <index>1</index>
          <name>MNU_EXHB5</name>
        </item>
        <item>
          <type>7</type>
          <index>2</index>
          <name>MNU_EXHB3</name>
        </item>
        <item>
          <type>7</type>
          <index>3</index>
          <name>MNU_EXHB6</name>
        </item>
      </ModNames>
    </VEHICLE_DEF>
    <VEHICLE_DEF>
      <hash>-808831384</hash>
      <key>BALLER</key>
      <en>GallivanterBallerKey</en>
      <Category>GenericSUV</Category>
      <wheelType>VWT_SUV</wheelType>
      <defaultWheel>741864336</defaultWheel>
      <ModNames>
        <item>
          <type>7</type>
          <index>1</index>
          <name>CustomMufflerKey</name>
        </item>
      </ModNames>
    </VEHICLE_DEF>
    <VEHICLE_DEF>
      <hash>142944341</hash>
      <key>BALLER</key>
      <en>GallivanterBallerKey</en>
      <Category>GenericSUV</Category>
      <wheelType>VWT_SUV</wheelType>
      <defaultWheel>741864336</defaultWheel>
      <ModNames>
        <item>
          <type>7</type>
          <index>1</index>
          <name>CustomMufflerKey</name>
        </item>
      </ModNames>
    </VEHICLE_DEF>
    <VEHICLE_DEF>
      <hash>-1041692462</hash>
      <key>BANSHEE</key>
      <en>BravadoBansheeKey</en>
      <Category>GenericSports</Category>
      <wheelType>VWT_TUNER</wheelType>
      <defaultWheel>741340041</defaultWheel>
      <ModNames>
        <item>
          <type>7</type>
          <index>1</index>
          <name>MNU_EXH2</name>
        </item>
        <item>
          <type>7</type>
          <index>2</index>
          <name>MNU_EXH3</name>
        </item>
      </ModNames>
    </VEHICLE_DEF>
    <VEHICLE_DEF>
      <hash>-823509173</hash>
      <key>BARRACKS</key>
      <en>HVYBarracksKey</en>
      <Category>Generic4Door</Category>
      <wheelType>VWT_SPORT</wheelType>
      <defaultWheel>741798802</defaultWheel>
    </VEHICLE_DEF>
    <VEHICLE_DEF>
      <hash>-114291515</hash>
      <key>BATI</key>
      <en>PegassiBati801Key</en>
      <Category>BikeGenericSports</Category>
      <wheelType>VWT_BIKE</wheelType>
      <defaultWheel>1550077872</defaultWheel>
    </VEHICLE_DEF>
    <VEHICLE_DEF>
      <hash>-891462355</hash>
      <key>BATI2</key>
      <en>PegassiBati801RRKey</en>
      <Category>BikeGenericSports</Category>
      <wheelType>VWT_BIKE</wheelType>
      <defaultWheel>1550077873</defaultWheel>
    </VEHICLE_DEF>
    <VEHICLE_DEF>
      <hash>2053223216</hash>
      <key>BENSON</key>
      <en>VapidBensonKey</en>
      <Category>Generic4Door</Category>
      <wheelType>VWT_SPORT</wheelType>
      <defaultWheel>1550077873</defaultWheel>
    </VEHICLE_DEF>
    <VEHICLE_DEF>
      <hash>1126868326</hash>
      <key>BFINJECT</key>
      <en>BFInjectionKey</en>
      <Category>GenericBFInjector</Category>
      <wheelType>VWT_SPORT</wheelType>
      <defaultWheel>1988323810</defaultWheel>
    </VEHICLE_DEF>
    <VEHICLE_DEF>
      <hash>850991848</hash>
      <key>BIFF</key>
      <en>HVYBiffKey</en>
      <Category>Generic4Door</Category>
      <wheelType>VWT_SPORT</wheelType>
      <defaultWheel>741340049</defaultWheel>
    </VEHICLE_DEF>
    <VEHICLE_DEF>
      <hash>-16948145</hash>
      <key>BISON</key>
      <en>BravadoBisonKey</en>
      <Category>GenericTruck</Category>
      <wheelType>VWT_SUV</wheelType>
      <defaultWheel>741864335</defaultWheel>
    </VEHICLE_DEF>
    <VEHICLE_DEF>
      <hash>2072156101</hash>
      <key>BISON2</key>
      <en>BravadoBisonKey</en>
      <Category>GenericTruck</Category>
      <wheelType>VWT_SUV</wheelType>
      <defaultWheel>741864335</defaultWheel>
    </VEHICLE_DEF>
    <VEHICLE_DEF>
      <hash>-2128233223</hash>
      <key>BLAZER</key>
      <en>NagasakiBlazerKey</en>
      <Category>Generic4Door</Category>
      <wheelType>VWT_OFFROAD</wheelType>
      <defaultWheel>741864335</defaultWheel>
    </VEHICLE_DEF>
    <VEHICLE_DEF>
      <hash>-48031959</hash>
      <key>BLAZER2</key>
      <en>NagasakiBlazerLGKey</en>
      <Category>Generic4Door</Category>
      <wheelType>VWT_OFFROAD</wheelType>
      <defaultWheel>741864338</defaultWheel>
    </VEHICLE_DEF>
    <VEHICLE_DEF>
      <hash>-344943009</hash>
      <key>BLISTA</key>
      <en>DinkaBlistaKey</en>
      <Category>Generic2DoorS</Category>
      <wheelType>VWT_SPORT</wheelType>
      <defaultWheel>741143441</defaultWheel>
      <ModNames>
        <item>
          <type>7</type>
          <index>1</index>
          <name>MNU_EXH3</name>
        </item>
      </ModNames>
    </VEHICLE_DEF>
    <VEHICLE_DEF>
      <hash>850565707</hash>
      <key>BJXL</key>
      <en>KarinBeeJayXLKey</en>
      <Category>GenericSUV</Category>
      <wheelType>VWT_SUV</wheelType>
      <defaultWheel>741274515</defaultWheel>
    </VEHICLE_DEF>
    <VEHICLE_DEF>
      <hash>1069929536</hash>
      <key>BOBCATXL</key>
      <en>VapidBobcatXLKey</en>
      <Category>GenericTruck</Category>
      <wheelType>VWT_SUV</wheelType>
      <defaultWheel>740881289</defaultWheel>
    </VEHICLE_DEF>
    <VEHICLE_DEF>
      <hash>-1435919434</hash>
      <key>BODHI2</key>
      <en>CanisBodhiKey</en>
      <Category>GenericTruck</Category>
      <wheelType>VWT_OFFROAD</wheelType>
      <defaultWheel>741208977</defaultWheel>
    </VEHICLE_DEF>
    <VEHICLE_DEF>
      <hash>-1987130134</hash>
      <key>BOXVILLE</key>
      <en>BruteBoxvilleKey</en>
      <Category>GenericTruck</Category>
      <wheelType>VWT_SPORT</wheelType>
      <defaultWheel>741274509</defaultWheel>
    </VEHICLE_DEF>
    <VEHICLE_DEF>
      <hash>-1346687836</hash>
      <key>BURRITO</key>
      <en>DeclasseBurritoKey</en>
      <Category>Generic4Door</Category>
      <wheelType>VWT_MUSCLE</wheelType>
      <defaultWheel>741274509</defaultWheel>
    </VEHICLE_DEF>
    <VEHICLE_DEF>
      <hash>-907477130</hash>
      <key>BURRITO2</key>
      <en>DeclasseBurritoDeluxeKey</en>
      <Category>Generic4Door</Category>
      <wheelType>VWT_MUSCLE</wheelType>
      <defaultWheel>741274509</defaultWheel>
    </VEHICLE_DEF>
    <VEHICLE_DEF>
      <hash>-1743316013</hash>
      <key>BURRITO3</key>
      <en>DeclasseBurritoDeluxeKey</en>
      <Category>Generic4Door</Category>
      <wheelType>VWT_MUSCLE</wheelType>
      <defaultWheel>741274509</defaultWheel>
    </VEHICLE_DEF>
    <VEHICLE_DEF>
      <hash>-1745203402</hash>
      <key>GBURRITO</key>
      <en>DeclasseGangBurritoKey</en>
      <Category>GenericVan</Category>
      <wheelType>VWT_MUSCLE</wheelType>
      <defaultWheel>741274509</defaultWheel>
    </VEHICLE_DEF>
    <VEHICLE_DEF>
      <hash>-304802106</hash>
      <key>BUFFALO</key>
      <en>BravadoBuffaloKey</en>
      <Category>Generic4Door</Category>
      <wheelType>VWT_SPORT</wheelType>
      <defaultWheel>741340051</defaultWheel>
      <ModNames>
        <item>
          <type>7</type>
          <index>1</index>
          <name>MNU_EXH5</name>
        </item>
      </ModNames>
    </VEHICLE_DEF>
    <VEHICLE_DEF>
      <hash>736902334</hash>
      <key>BUFFALO</key>
      <en>BravadoBuffaloKey</en>
      <Category>Generic4Door</Category>
      <wheelType>VWT_SPORT</wheelType>
      <defaultWheel>741340051</defaultWheel>
      <ModNames>
        <item>
          <type>7</type>
          <index>1</index>
          <name>MNU_EXH3</name>
        </item>
        <item>
          <type>7</type>
          <index>2</index>
          <name>MNU_EXH2</name>
        </item>
        <item>
          <type>7</type>
          <index>3</index>
          <name>MNU_EXH11</name>
        </item>
        <item>
          <type>7</type>
          <index>4</index>
          <name>MNU_EXH12</name>
        </item>
        <item>
          <type>7</type>
          <index>5</index>
          <name>MNU_EXH6</name>
        </item>
      </ModNames>
    </VEHICLE_DEF>
    <VEHICLE_DEF>
      <hash>-682211828</hash>
      <key>BUCCANEE</key>
      <en>AlbanyBuccaneerKey</en>
      <Category>Generic2Door</Category>
      <wheelType>VWT_MUSCLE</wheelType>
      <defaultWheel>741798799</defaultWheel>
    </VEHICLE_DEF>
    <VEHICLE_DEF>
      <hash>-1696146015</hash>
      <key>BULLET</key>
      <en>VapidBulletKey</en>
      <Category>GenericSports</Category>
      <wheelType>VWT_SPORT</wheelType>
      <defaultWheel>740881298</defaultWheel>
    </VEHICLE_DEF>
    <VEHICLE_DEF>
      <hash>2006918058</hash>
      <key>CAVCADE</key>
      <en>AlbanyCavalcadeKey</en>
      <Category>GenericSUV</Category>
      <wheelType>VWT_SUV</wheelType>
      <defaultWheel>741274510</defaultWheel>
    </VEHICLE_DEF>
    <VEHICLE_DEF>
      <hash>-789894171</hash>
      <key>CAVCADE</key>
      <en>AlbanyCavalcadeKey</en>
      <Category>GenericSUV</Category>
      <wheelType>VWT_SUV</wheelType>
      <defaultWheel>740881288</defaultWheel>
    </VEHICLE_DEF>
    <VEHICLE_DEF>
      <hash>11251904</hash>
      <en>NagasakiCarbonRSKey</en>
      <Category>BikeGenericSports</Category>
      <wheelType>VWT_BIKE</wheelType>
      <defaultWheel>1549946801</defaultWheel>
    </VEHICLE_DEF>
    <VEHICLE_DEF>
      <hash>2072687711</hash>
      <key>CARBONIZ</key>
      <en>GrottiCarbonizzareKey</en>
      <Category>GenericSports</Category>
      <wheelType>VWT_SPORT</wheelType>
      <defaultWheel>719279014</defaultWheel>
      <ModNames>
        <item>
          <type>7</type>
          <index>1</index>
          <name>MNU_EXH3</name>
        </item>
      </ModNames>
    </VEHICLE_DEF>
    <VEHICLE_DEF>
      <hash>-1311154784</hash>
      <key>CHEETAH</key>
      <en>GrottiCheetahKey</en>
      <Category>GenericSports</Category>
      <wheelType>VWT_SPORT</wheelType>
      <defaultWheel>741012361</defaultWheel>
      <ModNames>
        <item>
          <type>7</type>
          <index>1</index>
          <name>MNU_EXH13</name>
        </item>
        <item>
          <type>7</type>
          <index>2</index>
          <name>MNU_EXH3</name>
        </item>
        <item>
          <type>7</type>
          <index>3</index>
          <name>MNU_EXH6</name>
        </item>
      </ModNames>
    </VEHICLE_DEF>
    <VEHICLE_DEF>
      <hash>330661258</hash>
      <key>COGCABRI</key>
      <en>EnusCognoscentiCabrioKey</en>
      <Category>GenericSports</Category>
      <wheelType>VWT_SPORT</wheelType>
      <defaultWheel>740946828</defaultWheel>
    </VEHICLE_DEF>
    <VEHICLE_DEF>
      <hash>-1045541610</hash>
      <key>COMET2</key>
      <en>PfisterCometKey</en>
      <Category>GenericSports</Category>
      <wheelType>VWT_SPORT</wheelType>
      <defaultWheel>741864332</defaultWheel>
      <ModNames>
        <item>
          <type>7</type>
          <index>1</index>
          <name>MAN_EXT1</name>
        </item>
      </ModNames>
    </VEHICLE_DEF>
    <VEHICLE_DEF>
      <hash>108773431</hash>
      <key>COQUETTE</key>
      <en>InvertoCoquetteKey</en>
      <Category>GenericSports</Category>
      <wheelType>VWT_SPORT</wheelType>
      <defaultWheel>1987865057</defaultWheel>
      <ModNames>
        <item>
          <type>7</type>
          <index>1</index>
          <name>MNU_EXH12</name>
        </item>
        <item>
          <type>7</type>
          <index>2</index>
          <name>MNU_EXH1</name>
        </item>
        <item>
          <type>7</type>
          <index>3</index>
          <name>MNU_EXH2</name>
        </item>
        <item>
          <type>7</type>
          <index>4</index>
          <name>MNU_EXH4</name>
        </item>
      </ModNames>
    </VEHICLE_DEF>
    <VEHICLE_DEF>
      <hash>448402357</hash>
      <key>CRUISER</key>
      <en>CruiserKey</en>
      <Category>Generic4Door</Category>
      <wheelType>VWT_BIKE</wheelType>
      <defaultWheel>wheel_z</defaultWheel>
    </VEHICLE_DEF>
    <VEHICLE_DEF>
      <hash>2006142190</hash>
      <key>DAEMON</key>
      <en>WesternDaemonKey</en>
      <Category>BikeDaemon</Category>
      <wheelType>VWT_BIKE</wheelType>
      <defaultWheel>1550471089</defaultWheel>
      <ModNames>
        <item>
          <type>7</type>
          <index>1</index>
          <name>MNU_EXHB3</name>
        </item>
      </ModNames>
    </VEHICLE_DEF>
    <VEHICLE_DEF>
      <hash>-1130810103</hash>
      <key>DILETTAN</key>
      <en>KarinDilettanteKey</en>
      <Category>Generic4Door</Category>
      <wheelType>VWT_SPORT</wheelType>
      <defaultWheel>741208979</defaultWheel>
    </VEHICLE_DEF>
    <VEHICLE_DEF>
      <hash>1770332643</hash>
      <key>DLOADER</key>
      <en>BravadoDuneloaderKey</en>
      <Category>GenericTruck</Category>
      <wheelType>VWT_SPORT</wheelType>
      <defaultWheel>741340045</defaultWheel>
    </VEHICLE_DEF>
    <VEHICLE_DEF>
      <hash>80636076</hash>
      <key>DOMINATO</key>
      <en>VapidDominatorKey</en>
      <Category>Generic2Door</Category>
      <wheelType>VWT_MUSCLE</wheelType>
      <defaultWheel>741340046</defaultWheel>
    </VEHICLE_DEF>
    <VEHICLE_DEF>
      <hash>-1670998136</hash>
      <key>DOUBLE</key>
      <en>DinkaDouble-TKey</en>
      <Category>BikeGenericSports</Category>
      <wheelType>VWT_BIKE</wheelType>
      <defaultWheel>1549946801</defaultWheel>
      <ModNames>
        <item>
          <type>7</type>
          <index>1</index>
          <name>MNU_EXHB4</name>
        </item>
      </ModNames>
    </VEHICLE_DEF>
    <VEHICLE_DEF>
      <hash>-394074634</hash>
      <key>DUBSTA</key>
      <en>BenefactorDubstaKey</en>
      <Category>GenericSUV</Category>
      <wheelType>VWT_SUV</wheelType>
      <defaultWheel>741143436</defaultWheel>
    </VEHICLE_DEF>
    <VEHICLE_DEF>
      <hash>1177543287</hash>
      <key>DUBSTA</key>
      <en>BenefactorDubstaKey</en>
      <Category>GenericSUV</Category>
      <wheelType>VWT_SUV</wheelType>
      <defaultWheel>741274508</defaultWheel>
    </VEHICLE_DEF>
    <VEHICLE_DEF>
      <hash>-566387422</hash>
      <key>ELEGY2</key>
      <en>AnnisElegyRH8Key</en>
      <Category>GenericSports</Category>
      <wheelType>VWT_SPORT</wheelType>
      <defaultWheel>741274504</defaultWheel>
      <ModNames>
        <item>
          <type>7</type>
          <index>1</index>
          <name>MNU_EXH11</name>
        </item>
        <item>
          <type>7</type>
          <index>2</index>
          <name>MNU_EXH6</name>
        </item>
      </ModNames>
    </VEHICLE_DEF>
    <VEHICLE_DEF>
      <hash>-685276541</hash>
      <key>EMPEROR</key>
      <en>AlbanyEmperorKey</en>
      <Category>GenericLowRider</Category>
      <wheelType>VWT_LOWRIDER</wheelType>
      <defaultWheel>741012371</defaultWheel>
    </VEHICLE_DEF>
    <VEHICLE_DEF>
      <hash>-1883002148</hash>
      <key>EMPEROR</key>
      <en>AlbanyEmperorKey</en>
      <Category>GenericLowRider</Category>
      <wheelType>VWT_LOWRIDER</wheelType>
      <defaultWheel>741012371</defaultWheel>
    </VEHICLE_DEF>
    <VEHICLE_DEF>
      <hash>-1241712818</hash>
      <key>EMPEROR</key>
      <en>AlbanyEmperorKey</en>
      <Category>GenericLowRider</Category>
      <wheelType>VWT_LOWRIDER</wheelType>
      <defaultWheel>741012371</defaultWheel>
    </VEHICLE_DEF>
    <VEHICLE_DEF>
      <hash>-5153954</hash>
      <key>EXEMPLAR</key>
      <en>DewbaucheeExemplarKey</en>
      <Category>Generic4Door</Category>
      <wheelType>VWT_SPORT</wheelType>
      <defaultWheel>741143437</defaultWheel>
    </VEHICLE_DEF>
    <VEHICLE_DEF>
      <hash>-1291952903</hash>
      <key>ENTITYXF</key>
      <en>OverflodEntityXFKey</en>
      <Category>GenericSports</Category>
      <wheelType>VWT_SPORT</wheelType>
      <defaultWheel>740881297</defaultWheel>
      <ModNames>
        <item>
          <type>7</type>
          <index>1</index>
          <name>MNU_EXH3</name>
        </item>
        <item>
          <type>7</type>
          <index>2</index>
          <name>MNU_EXH13</name>
        </item>
      </ModNames>
    </VEHICLE_DEF>
    <VEHICLE_DEF>
      <hash>55628203</hash>
      <key>FAGGIO</key>
      <en>PegassiFaggioKey</en>
      <Category>BikeGenericFaggio</Category>
      <wheelType>VWT_SPORT</wheelType>
      <defaultWheel>995840478</defaultWheel>
    </VEHICLE_DEF>
    <VEHICLE_DEF>
      <hash>-591610296</hash>
      <key>F620</key>
      <en>OcelotF620Key</en>
      <Category>GenericSports</Category>
      <wheelType>VWT_SPORT</wheelType>
      <defaultWheel>741012366</defaultWheel>
    </VEHICLE_DEF>
    <VEHICLE_DEF>
      <hash>-391594584</hash>
      <key>FELON</key>
      <en>LampadatiFelonKey</en>
      <Category>Generic4Door</Category>
      <wheelType>VWT_SPORT</wheelType>
      <defaultWheel>741077907</defaultWheel>
      <ModNames>
        <item>
          <type>7</type>
          <index>1</index>
          <name>MNU_EXH12</name>
        </item>
      </ModNames>
    </VEHICLE_DEF>
    <VEHICLE_DEF>
      <hash>-89291282</hash>
      <key>FELON2</key>
      <en>LampadatiFelonGTKey</en>
      <Category>GenericSports</Category>
      <wheelType>VWT_SPORT</wheelType>
      <defaultWheel>740946833</defaultWheel>
    </VEHICLE_DEF>
    <VEHICLE_DEF>
      <hash>-1995326987</hash>
      <key>FELTZER</key>
      <en>BenefactorFeltzerKey</en>
      <Category>GenericSports</Category>
      <wheelType>VWT_SPORT</wheelType>
      <defaultWheel>741864329</defaultWheel>
    </VEHICLE_DEF>
    <VEHICLE_DEF>
      <hash>499169875</hash>
      <key>FUSILADE</key>
      <en>SchysterFusiladeKey</en>
      <Category>GenericSports</Category>
      <wheelType>VWT_SPORT</wheelType>
      <defaultWheel>741864329</defaultWheel>
      <ModNames>
        <item>
          <type>7</type>
          <index>1</index>
          <name>MNU_EXH12</name>
        </item>
        <item>
          <type>7</type>
          <index>2</index>
          <name>MNU_EXH2</name>
        </item>
        <item>
          <type>7</type>
          <index>3</index>
          <name>MNU_EXH11</name>
        </item>
      </ModNames>
    </VEHICLE_DEF>
    <VEHICLE_DEF>
      <hash>1909141499</hash>
      <key>FUGITIVE</key>
      <en>ChevalFugitiveKey</en>
      <Category>Generic4Door</Category>
      <wheelType>VWT_SPORT</wheelType>
      <defaultWheel>740881299</defaultWheel>
    </VEHICLE_DEF>
    <VEHICLE_DEF>
      <hash>2016857647</hash>
      <key>FUTO</key>
      <en>KarinFutoKey</en>
      <Category>Generic2Door</Category>
      <wheelType>VWT_TUNER</wheelType>
      <defaultWheel>741798801</defaultWheel>
      <ModNames>
        <item>
          <type>7</type>
          <index>1</index>
          <name>MNU_EXH5</name>
        </item>
        <item>
          <type>7</type>
          <index>2</index>
          <name>MNU_EXH6</name>
        </item>
        <item>
          <type>7</type>
          <index>3</index>
          <name>MNU_EXH7</name>
        </item>
      </ModNames>
    </VEHICLE_DEF>
    <VEHICLE_DEF>
      <hash>-1137532101</hash>
      <key>FQ2</key>
      <en>FathomFQ2Key</en>
      <Category>GenericSUV</Category>
      <wheelType>VWT_SPORT</wheelType>
      <defaultWheel>741798800</defaultWheel>
    </VEHICLE_DEF>
    <VEHICLE_DEF>
      <hash>-1775728740</hash>
      <key>GRANGER</key>
      <en>DeclasseGrangerKey</en>
      <Category>GenericSUV</Category>
      <wheelType>VWT_SUV</wheelType>
      <defaultWheel>740946825</defaultWheel>
    </VEHICLE_DEF>
    <VEHICLE_DEF>
      <hash>-1543762099</hash>
      <key>GRESLEY</key>
      <en>BravadoGresleyKey</en>
      <Category>GenericSUV</Category>
      <wheelType>VWT_SUV</wheelType>
      <defaultWheel>741077900</defaultWheel>
      <ModNames>
        <item>
          <type>7</type>
          <index>1</index>
          <name>MNU_EXH3</name>
        </item>
      </ModNames>
    </VEHICLE_DEF>
    <VEHICLE_DEF>
      <hash>-1800170043</hash>
      <key>GAUNTLET</key>
      <en>BravadoGauntletKey</en>
      <Category>Generic2Door</Category>
      <wheelType>VWT_MUSCLE</wheelType>
      <defaultWheel>741077905</defaultWheel>
    </VEHICLE_DEF>
    <VEHICLE_DEF>
      <hash>301427732</hash>
      <key>HEXER</key>
      <en>LSCHexerKey</en>
      <Category>BikeGenericChopper</Category>
      <wheelType>VWT_BIKE</wheelType>
      <defaultWheel>1550471089</defaultWheel>
    </VEHICLE_DEF>
    <VEHICLE_DEF>
      <hash>37348240</hash>
      <key>HOTKNIFE</key>
      <en>HotknifeKey</en>
      <Category>GenericHotrod</Category>
      <wheelType>VWT_OFFROAD</wheelType>
      <defaultWheel>269334122</defaultWheel>
    </VEHICLE_DEF>
    <VEHICLE_DEF>
      <hash>884422927</hash>
      <key>HABANERO</key>
      <en>EmperorHabaneroKey</en>
      <Category>GenericEstate</Category>
      <wheelType>VWT_SUV</wheelType>
      <defaultWheel>741143432</defaultWheel>
    </VEHICLE_DEF>
    <VEHICLE_DEF>
      <hash>418536135</hash>
      <key>INFERNUS</key>
      <en>PegassiInfernusKey</en>
      <Category>GenericSports</Category>
      <wheelType>VWT_SPORT</wheelType>
      <defaultWheel>741864337</defaultWheel>
      <ModNames>
        <item>
          <type>7</type>
          <index>1</index>
          <name>MNU_EXHB3</name>
        </item>
      </ModNames>
    </VEHICLE_DEF>
    <VEHICLE_DEF>
      <hash>-1289722222</hash>
      <key>INGOT</key>
      <en>VulcarIngotKey</en>
      <Category>GenericEstate</Category>
      <wheelType>VWT_SPORT</wheelType>
      <defaultWheel>741077902</defaultWheel>
    </VEHICLE_DEF>
    <VEHICLE_DEF>
      <hash>-1177863319</hash>
      <key>ISSI2</key>
      <en>WeenyIssiKey</en>
      <Category>GenericIssi</Category>
      <wheelType>VWT_SPORT</wheelType>
      <defaultWheel>741274512</defaultWheel>
      <ModNames>
        <item>
          <type>7</type>
          <index>1</index>
          <name>MNU_EXH3</name>
        </item>
      </ModNames>
    </VEHICLE_DEF>
    <VEHICLE_DEF>
      <hash>886934177</hash>
      <key>INTRUDER</key>
      <en>KarinIntruderKey</en>
      <Category>Generic4Door</Category>
      <wheelType>VWT_SPORT</wheelType>
      <defaultWheel>741340040</defaultWheel>
      <ModNames>
        <item>
          <type>7</type>
          <index>1</index>
          <name>MNU_EXH1</name>
        </item>
      </ModNames>
    </VEHICLE_DEF>
    <VEHICLE_DEF>
      <hash>-624529134</hash>
      <key>JACKAL</key>
      <en>OcelotJackalKey</en>
      <Category>Generic4Door</Category>
      <wheelType>VWT_SPORT</wheelType>
      <defaultWheel>741012360</defaultWheel>
      <ModNames>
        <item>
          <type>7</type>
          <index>1</index>
          <name>MNU_EXH3</name>
        </item>
      </ModNames>
    </VEHICLE_DEF>
    <VEHICLE_DEF>
      <hash>1051415893</hash>
      <key>JB700</key>
      <en>DewbaucheeJB700Key</en>
      <Category>Generic2Door</Category>
      <wheelType>VWT_LOWRIDER</wheelType>
      <defaultWheel>741798796</defaultWheel>
    </VEHICLE_DEF>
    <VEHICLE_DEF>
      <hash>544021352</hash>
      <key>KHAMEL</key>
      <en>HijakKhamelionKey</en>
      <Category>GenericSports</Category>
      <wheelType>VWT_SPORT</wheelType>
      <defaultWheel>741208969</defaultWheel>
      <ModNames>
        <item>
          <type>7</type>
          <index>2</index>
          <name>MNU_EXH3</name>
        </item>
      </ModNames>
    </VEHICLE_DEF>
    <VEHICLE_DEF>
      <hash>1269098716</hash>
      <key>LANDSTAL</key>
      <en>DundrearyLandstalkerKey</en>
      <Category>GenericSUV</Category>
      <wheelType>VWT_SUV</wheelType>
      <defaultWheel>741208968</defaultWheel>
      <ModNames>
        <item>
          <type>7</type>
          <index>1</index>
          <name>MNU_EXH1</name>
        </item>
      </ModNames>
    </VEHICLE_DEF>
    <VEHICLE_DEF>
      <hash>-2124201592</hash>
      <key>MANANA</key>
      <en>AlbanyMananaKey</en>
      <Category>GenericLowRider</Category>
      <wheelType>VWT_LOWRIDER</wheelType>
      <defaultWheel>740946830</defaultWheel>
      <ModNames>
        <item>
          <type>7</type>
          <index>1</index>
          <name>MAN_EXT1</name>
        </item>
        <item>
          <type>7</type>
          <index>2</index>
          <name>MAN_EXT2</name>
        </item>
      </ModNames>
    </VEHICLE_DEF>
    <VEHICLE_DEF>
      <hash>914654722</hash>
      <key>MESA</key>
      <en>CanisMesaKey</en>
      <Category>GenericSUV</Category>
      <wheelType>VWT_OFFROAD</wheelType>
      <defaultWheel>741798798</defaultWheel>
    </VEHICLE_DEF>
    <VEHICLE_DEF>
      <hash>-748008636</hash>
      <key>MESA2</key>
      <en>CanisMesa2Key</en>
      <Category>GenericSUV</Category>
      <wheelType>VWT_SPORT</wheelType>
      <defaultWheel>741798798</defaultWheel>
    </VEHICLE_DEF>
    <VEHICLE_DEF>
      <hash>-748008636</hash>
      <key>MESA2</key>
      <en>CanisMesa2Key</en>
      <Category>GenericSUV</Category>
      <wheelType>VWT_SPORT</wheelType>
      <defaultWheel>741798798</defaultWheel>
    </VEHICLE_DEF>
    <VEHICLE_DEF>
      <hash>-2064372143</hash>
      <key>MESA2</key>
      <en>CanisMesa2Key</en>
      <Category>GenericSUV</Category>
      <wheelType>VWT_SPORT</wheelType>
      <defaultWheel>741798798</defaultWheel>
    </VEHICLE_DEF>
    <VEHICLE_DEF>
      <hash>-310465116</hash>
      <key>MINIVAN</key>
      <en>VapidMinivanKey</en>
      <Category>GenericEstate</Category>
      <wheelType>VWT_SPORT</wheelType>
      <defaultWheel>741798800</defaultWheel>
    </VEHICLE_DEF>
    <VEHICLE_DEF>
      <hash>-433375717</hash>
      <key>MONROE</key>
      <en>PegassiMonroeKey</en>
      <Category>GenericSports</Category>
      <wheelType>VWT_LOWRIDER</wheelType>
      <defaultWheel>2088029830</defaultWheel>
    </VEHICLE_DEF>
    <VEHICLE_DEF>
      <hash>-634879114</hash>
      <key>NEMESIS</key>
      <en>PrincipeNemesisKey</en>
      <Category>BikeGenericSports</Category>
      <wheelType>VWT_BIKE</wheelType>
      <defaultWheel>740946834</defaultWheel>
    </VEHICLE_DEF>
    <VEHICLE_DEF>
      <hash>1032823388</hash>
      <key>NINEF</key>
      <en>Obey9FKey</en>
      <Category>GenericSports</Category>
      <wheelType>VWT_SPORT</wheelType>
      <defaultWheel>741798793</defaultWheel>
      <ModNames>
        <item>
          <type>7</type>
          <index>1</index>
          <name>MNU_EXH1</name>
        </item>
      </ModNames>
    </VEHICLE_DEF>
    <VEHICLE_DEF>
      <hash>-1461482751</hash>
      <key>NINEF2</key>
      <en>Obey9FCabrioKey</en>
      <Category>GenericSports</Category>
      <wheelType>VWT_SPORT</wheelType>
      <defaultWheel>741798793</defaultWheel>
      <ModNames>
        <item>
          <type>7</type>
          <index>1</index>
          <name>MNU_EXH1</name>
        </item>
        <item>
          <type>7</type>
          <index>2</index>
          <name>MNU_EXH3</name>
        </item>
        <item>
          <type>7</type>
          <index>3</index>
          <name>MNU_EXH2</name>
        </item>
      </ModNames>
    </VEHICLE_DEF>
    <VEHICLE_DEF>
      <hash>1348744438</hash>
      <key>ORACLE</key>
      <en>UbermachtOracleKey</en>
      <Category>Generic4Door</Category>
      <wheelType>VWT_SPORT</wheelType>
      <defaultWheel>741077903</defaultWheel>
    </VEHICLE_DEF>
    <VEHICLE_DEF>
      <hash>-511601230</hash>
      <key>ORACLE</key>
      <en>UbermachtOracleKey</en>
      <Category>Generic4Door</Category>
      <wheelType>VWT_SPORT</wheelType>
      <defaultWheel>740881295</defaultWheel>
      <ModNames>
        <item>
          <type>7</type>
          <index>1</index>
          <name>MNU_EXH1</name>
        </item>
        <item>
          <type>7</type>
          <index>2</index>
          <name>MNU_EXH3</name>
        </item>
        <item>
          <type>7</type>
          <index>3</index>
          <name>MNU_EXH4</name>
        </item>
      </ModNames>
    </VEHICLE_DEF>
    <VEHICLE_DEF>
      <hash>-808457413</hash>
      <key>PATRIOT</key>
      <en>MammothPatriotKey</en>
      <Category>GenericSUV</Category>
      <wheelType>VWT_SUV</wheelType>
      <defaultWheel>741077896</defaultWheel>
    </VEHICLE_DEF>
    <VEHICLE_DEF>
      <hash>1830407356</hash>
      <key>PEYOTE</key>
      <en>VapidPeyoteKey</en>
      <Category>GenericLowRider</Category>
      <wheelType>VWT_LOWRIDER</wheelType>
      <defaultWheel>741208975</defaultWheel>
      <ModNames>
        <item>
          <type>7</type>
          <index>1</index>
          <name>MNU_EXH1</name>
        </item>
      </ModNames>
    </VEHICLE_DEF>
    <VEHICLE_DEF>
      <hash>-2095439403</hash>
      <key>PHOENIX</key>
      <en>ImpontePhoenixKey</en>
      <Category>Generic2Door</Category>
      <wheelType>VWT_MUSCLE</wheelType>
      <defaultWheel>741340048</defaultWheel>
      <ModNames>
        <item>
          <type>7</type>
          <index>1</index>
          <name>MNU_EXH2</name>
        </item>
      </ModNames>
    </VEHICLE_DEF>
    <VEHICLE_DEF>
      <hash>1507916787</hash>
      <key>PICADOR</key>
      <en>ChevalPicadorKey</en>
      <Category>Generic2Door</Category>
      <wheelType>VWT_MUSCLE</wheelType>
      <defaultWheel>741208973</defaultWheel>
    </VEHICLE_DEF>
    <VEHICLE_DEF>
      <hash>-1883869285</hash>
      <key>PREMIER</key>
      <en>DeclassePremierKey</en>
      <Category>Generic4Door</Category>
      <wheelType>VWT_SPORT</wheelType>
      <defaultWheel>741012368</defaultWheel>
      <ModNames>
        <item>
          <type>7</type>
          <index>1</index>
          <name>MNU_EXH12</name>
        </item>
        <item>
          <type>7</type>
          <index>2</index>
          <name>MNU_EXH2</name>
        </item>
      </ModNames>
    </VEHICLE_DEF>
    <VEHICLE_DEF>
      <hash>-1150599089</hash>
      <key>PRIMO</key>
      <en>AlbanyPrimoKey</en>
      <Category>Generic4Door</Category>
      <wheelType>VWT_LOWRIDER</wheelType>
      <defaultWheel>741274514</defaultWheel>
      <ModNames>
        <item>
          <type>7</type>
          <index>1</index>
          <name>MNU_EXH4</name>
        </item>
        <item>
          <type>7</type>
          <index>2</index>
          <name>MNU_EXH2</name>
        </item>
        <item>
          <type>7</type>
          <index>3</index>
          <name>MNU_EXH4</name>
        </item>
      </ModNames>
    </VEHICLE_DEF>
    <VEHICLE_DEF>
      <hash>2046537925</hash>
      <key>POLICE</key>
      <en>PoliceCruiserKey</en>
      <Category>Generic4Door</Category>
      <wheelType>VWT_SPORT</wheelType>
      <defaultWheel>741864339</defaultWheel>
    </VEHICLE_DEF>
    <VEHICLE_DEF>
      <hash>-1536924937</hash>
      <key>POLICEOL</key>
      <en>PoliceRoadcruiserKey</en>
      <Category>Generic4Door</Category>
      <wheelType>VWT_SPORT</wheelType>
      <defaultWheel>wheel_z</defaultWheel>
    </VEHICLE_DEF>
    <VEHICLE_DEF>
      <hash>-1627000575</hash>
      <key>POLICE2</key>
      <en>PoliceCruiserKey</en>
      <Category>Generic4Door</Category>
      <wheelType>VWT_SPORT</wheelType>
      <defaultWheel>1731865006</defaultWheel>
    </VEHICLE_DEF>
    <VEHICLE_DEF>
      <hash>1912215274</hash>
      <key>POLICE3</key>
      <en>Police3Key</en>
      <Category>Generic4Door</Category>
      <wheelType>VWT_SPORT</wheelType>
      <defaultWheel>741864339</defaultWheel>
    </VEHICLE_DEF>
    <VEHICLE_DEF>
      <hash>-1973172295</hash>
      <key>POLICE4</key>
      <en>PoliceChaserKey</en>
      <Category>Generic4Door</Category>
      <wheelType>VWT_SPORT</wheelType>
      <defaultWheel>wheel_z</defaultWheel>
    </VEHICLE_DEF>
    <VEHICLE_DEF>
      <hash>456714581</hash>
      <key>POLICET</key>
      <en>PoliceTransporterKey</en>
      <Category>Generic4Door</Category>
      <wheelType>VWT_MUSCLE</wheelType>
      <defaultWheel>1988323810</defaultWheel>
    </VEHICLE_DEF>
    <VEHICLE_DEF>
      <hash>-34623805</hash>
      <key>POLICEB</key>
      <en>PoliceBikeKey</en>
      <Category>BikeGenericHarley</Category>
      <wheelType>VWT_BIKE</wheelType>
      <defaultWheel>1988323810</defaultWheel>
    </VEHICLE_DEF>
    <VEHICLE_DEF>
      <hash>353883353</hash>
      <key>POLMAV</key>
      <en>PoliceMaverickKey</en>
      <Category>Generic4Door</Category>
      <wheelType>VWT_SPORT</wheelType>
      <defaultWheel>1988323810</defaultWheel>
    </VEHICLE_DEF>
    <VEHICLE_DEF>
      <hash>-909201658</hash>
      <key>PCJ</key>
      <en>ShitzuPCJ600Key</en>
      <Category>BikeGenericSports</Category>
      <wheelType>VWT_BIKE</wheelType>
      <defaultWheel>740881297</defaultWheel>
      <ModNames>
        <item>
          <type>7</type>
          <index>1</index>
          <name>MNU_EXHB4</name>
        </item>
        <item>
          <type>7</type>
          <index>1</index>
          <name>MNU_EXHB1</name>
        </item>
      </ModNames>
    </VEHICLE_DEF>
    <VEHICLE_DEF>
      <hash>-1450650718</hash>
      <key>PRAIRIE</key>
      <en>BollokanPrairie</en>
      <Category>GenericSports</Category>
      <wheelType>VWT_SPORT</wheelType>
      <defaultWheel>1987996130</defaultWheel>
      <ModNames>
        <item>
          <type>7</type>
          <index>1</index>
          <name>MNU_EXH5</name>
        </item>
      </ModNames>
    </VEHICLE_DEF>
    <VEHICLE_DEF>
      <hash>-377465520</hash>
      <key>PENUMBRA</key>
      <en>MaibatsuPenumbraKey</en>
      <Category>GenericSports</Category>
      <wheelType>VWT_SPORT</wheelType>
      <defaultWheel>1988061665</defaultWheel>
      <ModNames>
        <item>
          <type>7</type>
          <index>1</index>
          <name>MNU_EXH11</name>
        </item>
      </ModNames>
    </VEHICLE_DEF>
    <VEHICLE_DEF>
      <hash>-1934452204</hash>
      <key>RAPIDGT</key>
      <en>DewbaucheRapidGTKey</en>
      <Category>GenericSports</Category>
      <wheelType>VWT_SPORT</wheelType>
      <defaultWheel>740881297</defaultWheel>
    </VEHICLE_DEF>
    <VEHICLE_DEF>
      <hash>1737773231</hash>
      <key>RAPIDGT</key>
      <en>DewbaucheRapidGTKey</en>
      <Category>GenericSports</Category>
      <wheelType>VWT_SPORT</wheelType>
      <defaultWheel>740881297</defaultWheel>
    </VEHICLE_DEF>
    <VEHICLE_DEF>
      <hash>-1651067813</hash>
      <key>RADI</key>
      <en>VapidRadiusKey</en>
      <Category>GenericEstate</Category>
      <wheelType>VWT_SPORT</wheelType>
      <defaultWheel>741077905</defaultWheel>
    </VEHICLE_DEF>
    <VEHICLE_DEF>
      <hash>1645267888</hash>
      <key>RANCHERX</key>
      <en>DeclasseRancherXLKey</en>
      <Category>GenericSUV</Category>
      <wheelType>VWT_SPORT</wheelType>
      <defaultWheel>741340050</defaultWheel>
    </VEHICLE_DEF>
    <VEHICLE_DEF>
      <hash>-667151410</hash>
      <key>RLOADER</key>
      <en>Rat-LoaderKey</en>
      <Category>GenericTruck</Category>
      <wheelType>VWT_OFFROAD</wheelType>
      <defaultWheel>741143439</defaultWheel>
      <ModNames>
        <item>
          <type>7</type>
          <index>1</index>
          <name>RAT_EXH1</name>
        </item>
        <item>
          <type>7</type>
          <index>2</index>
          <name>RAT_EXH2</name>
        </item>
        <item>
          <type>7</type>
          <index>3</index>
          <name>RAT_EXH3</name>
        </item>
        <item>
          <type>7</type>
          <index>4</index>
          <name>MNU_EXH9</name>
        </item>
      </ModNames>
    </VEHICLE_DEF>
    <VEHICLE_DEF>
      <hash>-1207771834</hash>
      <key>REBEL</key>
      <en>KarinRebelKey</en>
      <Category>GenericTruck</Category>
      <wheelType>VWT_OFFROAD</wheelType>
      <defaultWheel>741143438</defaultWheel>
    </VEHICLE_DEF>
    <VEHICLE_DEF>
      <hash>-2045594037</hash>
      <key>REBEL</key>
      <en>DundrearyReginaKey</en>
      <Category>GenericTruck</Category>
      <wheelType>VWT_OFFROAD</wheelType>
      <defaultWheel>741143438</defaultWheel>
    </VEHICLE_DEF>
    <VEHICLE_DEF>
      <hash>-14495224</hash>
      <key>REGINA</key>
      <en>DundrearyReginaKey</en>
      <Category>GenericEstate</Category>
      <wheelType>VWT_LOWRIDER</wheelType>
      <defaultWheel>1686981021</defaultWheel>
    </VEHICLE_DEF>
    <VEHICLE_DEF>
      <hash>2136773105</hash>
      <key>ROCOTO</key>
      <en>ObeyRocotoKey</en>
      <Category>GenericSUV</Category>
      <wheelType>VWT_SPORT</wheelType>
      <defaultWheel>741143442</defaultWheel>
    </VEHICLE_DEF>
    <VEHICLE_DEF>
      <hash>627094268</hash>
      <key>REMERO</key>
      <en>ChariotRomeroHearseKey</en>
      <Category>GenericEstate</Category>
      <wheelType>VWT_SPORT</wheelType>
      <defaultWheel>741208978</defaultWheel>
    </VEHICLE_DEF>
    <VEHICLE_DEF>
      <hash>-893578776</hash>
      <key>RUFFIAN</key>
      <en>PegassiRuffianKey</en>
      <Category>BikeGenericSports</Category>
      <wheelType>VWT_SPORT</wheelType>
      <defaultWheel>741143442</defaultWheel>
      <ModNames>
        <item>
          <type>7</type>
          <index>1</index>
          <name>MNU_EXHB4</name>
        </item>
        <item>
          <type>7</type>
          <index>2</index>
          <name>BARB_EX1</name>
        </item>
      </ModNames>
    </VEHICLE_DEF>
    <VEHICLE_DEF>
      <hash>-227741703</hash>
      <key>RUINER</key>
      <en>ImponteRuinerKey</en>
      <Category>Generic2Door</Category>
      <wheelType>VWT_MUSCLE</wheelType>
      <defaultWheel>972284583</defaultWheel>
      <ModNames>
        <item>
          <type>7</type>
          <index>1</index>
          <name>MNU_EXH2</name>
        </item>
        <item>
          <type>7</type>
          <index>3</index>
          <name>MNU_EXH5</name>
        </item>
        <item>
          <type>7</type>
          <index>4</index>
          <name>MNU_EXH7</name>
        </item>
      </ModNames>
    </VEHICLE_DEF>
    <VEHICLE_DEF>
      <hash>-1685021548</hash>
      <key>SABREGT</key>
      <en>DeclasseSabreTurboKey</en>
      <Category>Generic2Door</Category>
      <wheelType>VWT_MUSCLE</wheelType>
      <defaultWheel>741864334</defaultWheel>
      <ModNames>
        <item>
          <type>7</type>
          <index>1</index>
          <name>MNU_EXH1</name>
        </item>
      </ModNames>
      <ModNames>
        <item>
          <type>7</type>
          <index>2</index>
          <name>MNU_EXH2</name>
        </item>
      </ModNames>
      <ModNames>
        <item>
          <type>7</type>
          <index>3</index>
          <name>MNU_EXH9</name>
        </item>
      </ModNames>
    </VEHICLE_DEF>
    <VEHICLE_DEF>
      <hash>-599568815</hash>
      <key>SADLER</key>
      <en>VapidSadlerKey</en>
      <Category>GenericTruck</Category>
      <wheelType>VWT_SUV</wheelType>
      <defaultWheel>741012370</defaultWheel>
    </VEHICLE_DEF>
    <VEHICLE_DEF>
      <hash>-1189015600</hash>
      <key>SANDKING</key>
      <en>VapidSandkingXLKey</en>
      <Category>GenericTruck</Category>
      <wheelType>VWT_OFFROAD</wheelType>
      <defaultWheel>741012367</defaultWheel>
    </VEHICLE_DEF>
    <VEHICLE_DEF>
      <hash>989381445</hash>
      <key>SANDKIN2</key>
      <en>VapidSandkingSWBKey</en>
      <Category>GenericTruck</Category>
      <wheelType>VWT_SPORT</wheelType>
      <defaultWheel>741012370</defaultWheel>
    </VEHICLE_DEF>
    <VEHICLE_DEF>
      <hash>-1255452397</hash>
      <key>SCHAFTER</key>
      <en>BenefactorSchafterKey</en>
      <Category>Generic4Door</Category>
      <wheelType>VWT_SPORT</wheelType>
      <defaultWheel>740881294</defaultWheel>
      <ModNames>
        <item>
          <type>7</type>
          <index>1</index>
          <name>MNU_EXH12</name>
        </item>
        <item>
          <type>7</type>
          <index>2</index>
          <name>MNU_EXH1</name>
        </item>
        <item>
          <type>7</type>
          <index>3</index>
          <name>MNU_EXH3</name>
        </item>
        <item>
          <type>7</type>
          <index>4</index>
          <name>MNU_EXH4</name>
        </item>
      </ModNames>
    </VEHICLE_DEF>
    <VEHICLE_DEF>
      <hash>-746882698</hash>
      <key>SCHWARZE</key>
      <en>BenefactorSchwartzerKey</en>
      <Category>Generic2DoorS</Category>
      <wheelType>VWT_SPORT</wheelType>
      <defaultWheel>741012364</defaultWheel>
      <ModNames>
        <item>
          <type>7</type>
          <index>1</index>
          <name>MNU_EXH3</name>
        </item>
        <item>
          <type>7</type>
          <index>3</index>
          <name>MNU_EXH12</name>
        </item>
        <item>
          <type>7</type>
          <index>4</index>
          <name>MNU_EXH6</name>
        </item>
      </ModNames>
    </VEHICLE_DEF>
    <VEHICLE_DEF>
      <hash>788045382</hash>
      <key>SANCHEZ</key>
      <en>MaibatsuSanchezKey</en>
      <Category>BikeGenericSports</Category>
      <wheelType>VWT_BIKE</wheelType>
      <defaultWheel>1550471089</defaultWheel>
    </VEHICLE_DEF>
    <VEHICLE_DEF>
      <hash>-1453280962</hash>
      <key>SANCHEZ</key>
      <en>MaibatsuSanchezKey</en>
      <Category>BikeGenericSports</Category>
      <wheelType>VWT_BIKE</wheelType>
      <defaultWheel>1550471089</defaultWheel>
    </VEHICLE_DEF>
    <VEHICLE_DEF>
      <hash>1221512915</hash>
      <key>SEMINOLE</key>
      <en>CanisSeminoleKey</en>
      <Category>GenericSUV</Category>
      <wheelType>VWT_SUV</wheelType>
      <defaultWheel>741274514</defaultWheel>
    </VEHICLE_DEF>
    <VEHICLE_DEF>
      <hash>1349725314</hash>
      <key>SENTINEL</key>
      <en>UbermachtSentinelXSKey</en>
      <Category>Generic2DoorS</Category>
      <wheelType>VWT_SPORT</wheelType>
      <defaultWheel>1988782561</defaultWheel>
      <ModNames>
        <item>
          <type>7</type>
          <index>1</index>
          <name>MNU_EXH3</name>
        </item>
        <item>
          <type>7</type>
          <index>2</index>
          <name>MNU_EXH4</name>
        </item>
        <item>
          <type>7</type>
          <index>3</index>
          <name>MNU_EXH2</name>
        </item>
      </ModNames>
    </VEHICLE_DEF>
    <VEHICLE_DEF>
      <hash>873639469</hash>
      <key>SENTINEL2</key>
      <en>UbermachtSentinelKey</en>
      <Category>Generic2DoorS</Category>
      <wheelType>VWT_SPORT</wheelType>
      <defaultWheel>1988258273</defaultWheel>
      <ModNames>
        <item>
          <type>7</type>
          <index>1</index>
          <name>MNU_EXH3</name>
        </item>
        <item>
          <type>7</type>
          <index>2</index>
          <name>MNU_EXH4</name>
        </item>
        <item>
          <type>7</type>
          <index>3</index>
          <name>MNU_EXH2</name>
        </item>
      </ModNames>
    </VEHICLE_DEF>
    <VEHICLE_DEF>
      <hash>1337041428</hash>
      <key>SERRANO</key>
      <en>BenefactorSerranoKey</en>
      <Category>GenericSUV</Category>
      <wheelType>VWT_SUV</wheelType>
      <defaultWheel>741143432</defaultWheel>
      <ModNames>
        <item>
          <type>7</type>
          <index>1</index>
          <name>MNU_EXH3</name>
        </item>
        <item>
          <type>7</type>
          <index>2</index>
          <name>MNU_EXH2</name>
        </item>
      </ModNames>
    </VEHICLE_DEF>
    <!--<VEHICLE_DEF>
         <hash></hash>
         <key>SERAPH</key>
         <en>SeraphKey</en>
         <Category>Generic2Door</Category>
         <wheelType>VWT_SPORT</wheelType>
         <defaultWheel>wheel_spt_12</defaultWheel>
         </VEHICLE_DEF>-->
    <VEHICLE_DEF>
      <hash>-1477580979</hash>
      <key>STANIER</key>
      <en>VapidStanierKey</en>
      <Category>Generic4Door</Category>
      <wheelType>VWT_MUSCLE</wheelType>
      <defaultWheel>741798800</defaultWheel>
    </VEHICLE_DEF>
    <VEHICLE_DEF>
      <hash>1545842587</hash>
      <key>STINGER</key>
      <en>GrottiStingerKey</en>
      <Category>GenericSports</Category>
      <wheelType>VWT_SPORT</wheelType>
      <defaultWheel>741208975</defaultWheel>
    </VEHICLE_DEF>
    <VEHICLE_DEF>
      <hash>-2098947590</hash>
      <key>STINGERG</key>
      <en>GrottiStingerGTKey</en>
      <Category>GenericSports</Category>
      <wheelType>VWT_SPORT</wheelType>
      <defaultWheel>741208975</defaultWheel>
    </VEHICLE_DEF>
    <VEHICLE_DEF>
      <hash>1723137093</hash>
      <key>STRATUM</key>
      <en>ZirconiumStratumKey</en>
      <Category>GenericEstate</Category>
      <wheelType>VWT_TUNER</wheelType>
      <defaultWheel>741077906</defaultWheel>
    </VEHICLE_DEF>
    <VEHICLE_DEF>
      <hash>-1961627517</hash>
      <key>STRETCH</key>
      <en>DundrearyStretchKey</en>
      <Category>GenericStretch</Category>
      <wheelType>VWT_SPORT</wheelType>
      <defaultWheel>1988323810</defaultWheel>
    </VEHICLE_DEF>
    <VEHICLE_DEF>
      <hash>1123216662</hash>
      <key>SUPERD</key>
      <en>EnusSuperDiamondKey</en>
      <Category>Generic4Door</Category>
      <wheelType>VWT_SPORT</wheelType>
      <defaultWheel>740946831</defaultWheel>
    </VEHICLE_DEF>
    <VEHICLE_DEF>
      <hash>384071873</hash>
      <key>SURANO</key>
      <en>BenefactorSuranoKey</en>
      <Category>GenericSports</Category>
      <wheelType>VWT_SPORT</wheelType>
      <defaultWheel>741340047</defaultWheel>
      <ModNames>
        <item>
          <type>7</type>
          <index>1</index>
          <name>MNU_EXH1</name>
        </item>
      </ModNames>
    </VEHICLE_DEF>
    <VEHICLE_DEF>
      <hash>699456151</hash>
      <key>SURFER</key>
      <en>BFSurferKey</en>
      <Category>GenericVan</Category>
      <wheelType>VWT_SPORT</wheelType>
      <defaultWheel>741208976</defaultWheel>
    </VEHICLE_DEF>
    <VEHICLE_DEF>
      <hash>-1311240698</hash>
      <key>SURFER</key>
      <en>BFSurferKey</en>
      <Category>GenericVan</Category>
      <wheelType>VWT_SPORT</wheelType>
      <defaultWheel>741143439</defaultWheel>
    </VEHICLE_DEF>
    <VEHICLE_DEF>
      <hash>970598228</hash>
      <key>SULTAN</key>
      <en>KarinSultanKey</en>
      <Category>Generic4Door</Category>
      <wheelType>VWT_SPORT</wheelType>
      <defaultWheel>741143433</defaultWheel>
      <ModNames>
        <item>
          <type>7</type>
          <index>1</index>
          <name>MNU_EXH5</name>
        </item>
      </ModNames>
    </VEHICLE_DEF>
    <VEHICLE_DEF>
      <hash>-1894894188</hash>
      <key>SURGE</key>
      <en>ChevalSurgeKey</en>
      <Category>Generic4Door</Category>
      <wheelType>VWT_SPORT</wheelType>
      <defaultWheel>740881298</defaultWheel>
    </VEHICLE_DEF>
    <VEHICLE_DEF>
      <hash>-1008861746</hash>
      <key>TAILGATE</key>
      <en>ObeyTailgaterKey</en>
      <Category>Generic4Door</Category>
      <wheelType>VWT_SPORT</wheelType>
      <defaultWheel>719279024</defaultWheel>
    </VEHICLE_DEF>
    <VEHICLE_DEF>
      <hash> -442313018</hash>
      <key>TOWTRUCK</key>
      <en>VapidTowTruckKey</en>
      <Category>GenericTruck</Category>
      <wheelType>VWT_SPORT</wheelType>
      <defaultWheel>741143439</defaultWheel>
    </VEHICLE_DEF>   
    <VEHICLE_DEF>
      <hash>464687292</hash>
      <key>TORNADO</key>
      <en>DeclasseTornadoKey</en>
      <Category>GenericLowRider</Category>
      <wheelType>VWT_LOWRIDER</wheelType>
      <defaultWheel>741274511</defaultWheel>
      <ModNames>
        <item>
          <type>7</type>
          <index>1</index>
          <name>RAT_EXH1</name>
        </item>
        <item>
          <type>7</type>
          <index>2</index>
          <name>MNU_EXH9</name>
        </item>
      </ModNames>
    </VEHICLE_DEF>
    <VEHICLE_DEF>
      <hash>1531094468</hash>
      <key>TORNADO2</key>
      <en>DeclasseTornadoKey</en>
      <Category>GenericLowRider</Category>
      <wheelType>VWT_LOWRIDER</wheelType>
      <defaultWheel>741274511</defaultWheel>
      <ModNames>
        <item>
          <type>7</type>
          <index>1</index>
          <name>RAT_EXH1</name>
        </item>
        <item>
          <type>7</type>
          <index>2</index>
          <name>MNU_EXH9</name>
        </item>
      </ModNames>
    </VEHICLE_DEF>
    <VEHICLE_DEF>
      <hash>1762279763</hash>
      <key>TORNADO3</key>
      <en>DeclasseTornadoKey</en>
      <Category>GenericLowRider</Category>
      <wheelType>VWT_LOWRIDER</wheelType>
      <defaultWheel>741274511</defaultWheel>
    </VEHICLE_DEF>
    <VEHICLE_DEF>
      <hash>338562499</hash>
      <key>VACCA</key>
      <en>PegassiVaccaKey</en>
      <Category>GenericSports</Category>
      <wheelType>VWT_SPORT</wheelType>
      <defaultWheel>741077904</defaultWheel>
      <ModNames>
        <item>
          <type>7</type>
          <index>1</index>
          <name>MAN_EXT1</name>
        </item>
      </ModNames>
    </VEHICLE_DEF>
    <VEHICLE_DEF>
      <hash>-140902153</hash>
      <key>VADER</key>
      <en>ShitzuVaderKey</en>
      <Category>BikeGenericSports</Category>
      <wheelType>VWT_SPORT</wheelType>
      <defaultWheel>1550274481</defaultWheel>
    </VEHICLE_DEF>
    <VEHICLE_DEF>
      <hash>-825837129</hash>
      <key>VIGERO</key>
      <en>DeclasseVigeroKey</en>
      <Category>Generic2Door</Category>
      <wheelType>VWT_MUSCLE</wheelType>
      <defaultWheel>741077897</defaultWheel>
      <ModNames>
        <item>
          <type>7</type>
          <index>1</index>
          <name>MNU_EXH3</name>
        </item>
      </ModNames>
    </VEHICLE_DEF>
    <VEHICLE_DEF>
      <hash>-1622444098</hash>
      <key>VOLTIC</key>
      <en>CoilVolticKey</en>
      <Category>GenericSports</Category>
      <wheelType>VWT_SPORT</wheelType>
      <defaultWheel>740946832</defaultWheel>
    </VEHICLE_DEF>
    <VEHICLE_DEF>
      <hash>523724515</hash>
      <key>VOODOO</key>
      <en>DeclasseVoodooKey</en>
      <Category>GenericLowRider</Category>
      <wheelType>VWT_LOWRIDER</wheelType>
      <defaultWheel>740881292</defaultWheel>
    </VEHICLE_DEF>
    <VEHICLE_DEF>
      <hash>1777363799</hash>
      <key>WASHINGT</key>
      <en>AlbanyWashingtonKey</en>
      <Category>Generic4Door</Category>
      <wheelType>VWT_SPORT</wheelType>
      <defaultWheel>741208978</defaultWheel>
    </VEHICLE_DEF>
    <VEHICLE_DEF>
      <hash>65402552</hash>
      <key>YOUGA</key>
      <en>BravadoYougaKey</en>
      <Category>GenericVan</Category>
      <wheelType>VWT_TUNER</wheelType>
      <defaultWheel>741798801</defaultWheel>
      <ModNames>
        <item>
          <type>7</type>
          <index>1</index>
          <name>MNU_EXH5</name>
        </item>
      </ModNames>
    </VEHICLE_DEF>
    <!--<VEHICLE_DEF>
         <hash></hash>
         <key>YOUGA2</key>
         <en>BravadoYougaR-VanKey</en>
         <Category>Generic4Door</Category>
         <wheelType>VWT_TUNER</wheelType>
         <defaultWheel>wheel_08</defaultWheel>
         </VEHICLE_DEF>-->
    <VEHICLE_DEF>
      <hash>-1122289213</hash>
      <key>ZION</key>
      <en>UbermachtZionKey</en>
      <Category>GenericSports</Category>
      <wheelType>VWT_SPORT</wheelType>
      <defaultWheel>1988127201</defaultWheel>
      <ModNames>
        <item>
          <type>7</type>
          <index>1</index>
          <name>MNU_EXH1</name>
        </item>
        <item>
          <type>7</type>
          <index>2</index>
          <name>MNU_EXH3</name>
        </item>
        <item>
          <type>7</type>
          <index>3</index>
          <name>MNU_EXH2</name>
        </item>
        <item>
          <type>7</type>
          <index>4</index>
          <name>MNU_EXH4</name>
        </item>
      </ModNames>
    </VEHICLE_DEF>
    <VEHICLE_DEF>
      <hash>-1193103848</hash>
      <key>ZION2</key>
      <en>UbermachtZionCabrio</en>
      <Category>GenericSports</Category>
      <wheelType>VWT_SPORT</wheelType>
      <defaultWheel>741077901</defaultWheel>
      <ModNames>
        <item>
          <type>7</type>
          <index>1</index>
          <name>MNU_EXH1</name>
        </item>
        <item>
          <type>7</type>
          <index>2</index>
          <name>MNU_EXH3</name>
        </item>
        <item>
          <type>7</type>
          <index>3</index>
          <name>MNU_EXH2</name>
        </item>
        <item>
          <type>7</type>
          <index>4</index>
          <name>MNU_EXH4</name>
        </item>
      </ModNames>
    </VEHICLE_DEF>
    <VEHICLE_DEF>
      <hash>758895617</hash>
      <key>ZTYPE</key>
      <en>TruffadeZ-TypeKey</en>
      <Category>GenericZtype</Category>
      <wheelType>VWT_LOWRIDER</wheelType>
      <defaultWheel>741208975</defaultWheel>
    </VEHICLE_DEF>
    
    <!-- DLC -->
    <VEHICLE_DEF>
		<hash>-349601129</hash>    
    	<en>BiftaKey</en>
   		<Category>GenericBifta</Category>
		<wheelType>VWT_OFFROAD</wheelType>
		<defaultWheel>740946824</defaultWheel>
      	<ModNames>
          <item>
            <type>7</type>
            <index>1</index>
            <name>BIFTA_EXH2</name>
          </item>
        <item>
        	<type>7</type>
          	<index>2</index>
          	<name>BIFTA_EXH3</name>
        </item>
        <item>
          	<type>7</type>
          	<index>3</index>
          	<name>BIFTA_EXH4</name>
        </item>        
      </ModNames>
    </VEHICLE_DEF>
    <VEHICLE_DEF>
	  	<hash>92612664</hash>
      	<en>KalahariKey</en>
      	<Category>GenericSUV</Category>
	  	<wheelType>VWT_OFFROAD</wheelType>
	  	<defaultWheel>741340045</defaultWheel>
      <ModNames>
        <item>
          <type>7</type>
          <index>1</index>
          <name>KALA_EXH2</name>
        </item>
      </ModNames>
    </VEHICLE_DEF>
    <VEHICLE_DEF>
	  	<hash>1488164764</hash>
      	<en>ParadiseKey</en>
      	<Category>GenericVan</Category>
	  	<wheelType>VWT_OFFROAD</wheelType>
	  	<defaultWheel>740946829</defaultWheel>
    </VEHICLE_DEF>
  </VehicleNames>
  <WheelTypes>
      <VWT_SPORT>
          <WheelImage>wheel_spt_01</WheelImage>
          <WheelImage>wheel_spt_02</WheelImage>
          <WheelImage>wheel_spt_03</WheelImage>
          <WheelImage>wheel_spt_04</WheelImage>
          <WheelImage>wheel_spt_05</WheelImage>
          <WheelImage>wheel_spt_06</WheelImage>
          <WheelImage>wheel_spt_07</WheelImage>
          <WheelImage>wheel_spt_08</WheelImage>
          <WheelImage>wheel_spt_09</WheelImage>
          <WheelImage>wheel_spt_10</WheelImage>
          <WheelImage>wheel_spt_11</WheelImage>
          <WheelImage>wheel_spt_12</WheelImage>
          <WheelImage>wheel_spt_13</WheelImage>
          <WheelImage>wheel_spt_14</WheelImage>
          <WheelImage>wheel_spt_15</WheelImage>
          <WheelImage>wheel_spt_16</WheelImage>
          <WheelImage>wheel_spt_17</WheelImage>
          <WheelImage>wheel_spt_18</WheelImage>
          <WheelImage>wheel_spt_19</WheelImage>
          <WheelImage>wheel_spt_20</WheelImage>
          <WheelImage>wheel_spt_21</WheelImage>
          <WheelImage>wheel_spt_22</WheelImage>
          <WheelImage>wheel_spt_23</WheelImage>
          <WheelImage>wheel_spt_24</WheelImage>
          <WheelImage>wheel_spt_25</WheelImage>
      </VWT_SPORT>
      <VWT_MUSCLE>
          <WheelImage>wheel_musc_01</WheelImage>
          <WheelImage>wheel_musc_02</WheelImage>
          <WheelImage>wheel_musc_03</WheelImage>
          <WheelImage>wheel_musc_04</WheelImage>
          <WheelImage>wheel_musc_05</WheelImage>
          <WheelImage>wheel_musc_06</WheelImage>
          <WheelImage>wheel_musc_07</WheelImage>
          <WheelImage>wheel_musc_08</WheelImage>
          <WheelImage>wheel_musc_09</WheelImage>
          <WheelImage>wheel_musc_10</WheelImage>
          <WheelImage>wheel_musc_11</WheelImage>
          <WheelImage>wheel_musc_12</WheelImage>
          <WheelImage>wheel_musc_13</WheelImage>
          <WheelImage>wheel_musc_14</WheelImage>
          <WheelImage>wheel_musc_15</WheelImage>
          <WheelImage>wheel_musc_16</WheelImage>
          <WheelImage>wheel_musc_17</WheelImage>
          <WheelImage>wheel_musc_18</WheelImage>
          <WheelImage>wheel_musc_19</WheelImage>
          <WheelImage>wheel_musc_20</WheelImage>
      </VWT_MUSCLE>
      <VWT_OFFROAD>
          <WheelImage>wheel_off_01</WheelImage>
          <WheelImage>wheel_off_02</WheelImage>
          <WheelImage>wheel_off_03</WheelImage>
          <WheelImage>wheel_off_04</WheelImage>
          <WheelImage>wheel_off_05</WheelImage>
          <WheelImage>wheel_off_06</WheelImage>
          <WheelImage>wheel_off_07</WheelImage>
          <WheelImage>wheel_off_08</WheelImage>
          <WheelImage>wheel_off_09</WheelImage>
          <WheelImage>wheel_off_10</WheelImage>
          <WheelImage>wheel_off_11</WheelImage>
      </VWT_OFFROAD>
      <VWT_SUV>
          <WheelImage>wheel_suv_01</WheelImage>
          <WheelImage>wheel_suv_02</WheelImage>
          <WheelImage>wheel_suv_03</WheelImage>
          <WheelImage>wheel_suv_04</WheelImage>
          <WheelImage>wheel_suv_05</WheelImage>
          <WheelImage>wheel_suv_06</WheelImage>
          <WheelImage>wheel_suv_07</WheelImage>
          <WheelImage>wheel_suv_08</WheelImage>
          <WheelImage>wheel_suv_09</WheelImage>
          <WheelImage>wheel_suv_10</WheelImage>
          <WheelImage>wheel_suv_11</WheelImage>
          <WheelImage>wheel_suv_12</WheelImage>
          <WheelImage>wheel_suv_13</WheelImage>
          <WheelImage>wheel_suv_14</WheelImage>
          <WheelImage>wheel_suv_15</WheelImage>
          <WheelImage>wheel_suv_16</WheelImage>
          <WheelImage>wheel_suv_17</WheelImage>
          <WheelImage>wheel_suv_18</WheelImage>
          <WheelImage>wheel_suv_19</WheelImage>
          <WheelImage>wheel_suv_20</WheelImage>
      </VWT_SUV>
      <VWT_TUNER>
          <WheelImage>wheel_drft_01</WheelImage>
          <WheelImage>wheel_drft_02</WheelImage>
          <WheelImage>wheel_drft_03</WheelImage>
          <WheelImage>wheel_drft_04</WheelImage>
          <WheelImage>wheel_drft_05</WheelImage>
          <WheelImage>wheel_drft_06</WheelImage>
          <WheelImage>wheel_drft_07</WheelImage>
          <WheelImage>wheel_drft_08</WheelImage>
          <WheelImage>wheel_drft_09</WheelImage>
          <WheelImage>wheel_drft_10</WheelImage>
          <WheelImage>wheel_drft_11</WheelImage>
          <WheelImage>wheel_drft_12</WheelImage>
          <WheelImage>wheel_drft_13</WheelImage>
          <WheelImage>wheel_drft_14</WheelImage>
          <WheelImage>wheel_drft_15</WheelImage>
          <WheelImage>wheel_drft_16</WheelImage>
          <WheelImage>wheel_drft_17</WheelImage>
          <WheelImage>wheel_drft_18</WheelImage>
          <WheelImage>wheel_drft_19</WheelImage>
          <WheelImage>wheel_drft_20</WheelImage>
          <WheelImage>wheel_drft_21</WheelImage>
          <WheelImage>wheel_drft_22</WheelImage>
          <WheelImage>wheel_drft_23</WheelImage>
          <WheelImage>wheel_drft_24</WheelImage>
      </VWT_TUNER>
      <VWT_BIKE>
          <WheelImage>wheel_bkr_01</WheelImage>
          <WheelImage>wheel_bkr_02</WheelImage>
          <WheelImage>wheel_bkr_03</WheelImage>
          <WheelImage>wheel_bkr_04</WheelImage>
          <WheelImage>wheel_bkr_05</WheelImage>
          <WheelImage>wheel_bkr_06</WheelImage>
          <WheelImage>wheel_bkr_07</WheelImage>
          <WheelImage>wheel_bkr_08</WheelImage>
          <WheelImage>wheel_bkr_09</WheelImage>
          <WheelImage>wheel_bkr_10</WheelImage>
          <WheelImage>wheel_bkr_11</WheelImage>
          <WheelImage>wheel_bkr_12</WheelImage>
          <WheelImage>wheel_bkr_13</WheelImage>
      </VWT_BIKE>
      <VWT_LOWRIDER>
          <WheelImage>wheel_loride_01</WheelImage>
          <WheelImage>wheel_loride_02</WheelImage>
          <WheelImage>wheel_loride_03</WheelImage>
          <WheelImage>wheel_loride_04</WheelImage>
          <WheelImage>wheel_loride_05</WheelImage>
          <WheelImage>wheel_loride_06</WheelImage>
          <WheelImage>wheel_loride_07</WheelImage>
          <WheelImage>wheel_loride_08</WheelImage>
          <WheelImage>wheel_loride_09</WheelImage>
          <WheelImage>wheel_loride_10</WheelImage>
          <WheelImage>wheel_loride_11</WheelImage>
          <WheelImage>wheel_loride_12</WheelImage>
          <WheelImage>wheel_loride_13</WheelImage>
          <WheelImage>wheel_loride_14</WheelImage>
          <WheelImage>wheel_loride_15</WheelImage>
      </VWT_LOWRIDER>
      <VWT_HIEND>
          <WheelImage>wheel_hi_01</WheelImage>
          <WheelImage>wheel_hi_02</WheelImage>
          <WheelImage>wheel_hi_03</WheelImage>
          <WheelImage>wheel_hi_04</WheelImage>
          <WheelImage>wheel_hi_05</WheelImage>
          <WheelImage>wheel_hi_06</WheelImage>
          <WheelImage>wheel_hi_07</WheelImage>
          <WheelImage>wheel_hi_08</WheelImage>
          <WheelImage>wheel_hi_09</WheelImage>
          <WheelImage>wheel_hi_10</WheelImage>
          <WheelImage>wheel_hi_11</WheelImage>
          <WheelImage>wheel_hi_12</WheelImage>
          <WheelImage>wheel_hi_13</WheelImage>
          <WheelImage>wheel_hi_14</WheelImage>
          <WheelImage>wheel_hi_15</WheelImage>
          <WheelImage>wheel_hi_16</WheelImage>
          <WheelImage>wheel_hi_17</WheelImage>
          <WheelImage>wheel_hi_18</WheelImage>
          <WheelImage>wheel_hi_19</WheelImage>
          <WheelImage>wheel_hi_20</WheelImage>
      </VWT_HIEND>
  </WheelTypes>
  <WheelCosts>
    <VWT_SPORT>
      <sp_prices>
        <item>2100</item>
        <item>2280</item>
        <item>2450</item>
        <item>2390</item>
        <item>2300</item>
        <item>2550</item>
        <item>2080</item>
        <item>2150</item>
        <item>3260</item>
        <item>2810</item>
        <item>2200</item>
        <item>3250</item>
        <item>3000</item>
        <item>3280</item>
        <item>2900</item>
        <item>3050</item>
        <item>2490</item>
        <item>2100</item>
        <item>2660</item>
        <item>3250</item>
        <item>3550</item>
        <item>3380</item>
        <item>3280</item>
        <item>3100</item>
        <item>3400</item>
      </sp_prices>
      <mp_prices>
        <item>5000</item>
        <item>5530</item>
        <item>8120</item>
        <item>8620</item>
        <item>8430</item>
        <item>5980</item>
        <item>6000</item>
        <item>5240</item>
        <item>5750</item>
        <item>9380</item>
        <item>8990</item>
        <item>5840</item>
        <item>18690</item>
        <item>18440</item>
        <item>9430</item>
        <item>9210</item>
        <item>9570</item>
        <item>16850</item>
        <item>8000</item>
        <item>8850</item>
        <item>9860</item>
        <item>20000</item>
        <item>10000</item>
        <item>19210</item>
        <item>17600</item>
        <item>19850</item>
      </mp_prices>
    </VWT_SPORT>
    <VWT_MUSCLE>
      <sp_prices>
        <item>1290</item>
        <item>2450</item>
        <item>1500</item>
        <item>1620</item>
        <item>1555</item>
        <item>1700</item>
        <item>1780</item>
        <item>1800</item>
        <item>1590</item>
        <item>2380</item>
        <item>1540</item>
        <item>1580</item>
        <item>1600</item>
        <item>1590</item>
        <item>1775</item>
        <item>1540</item>
        <item>1510</item>
        <item>1820</item>
        <item>1550</item>
        <item>1875</item>
      </sp_prices>
      <mp_prices>
        <item>3000</item>
        <item>3500</item>
        <item>8000</item>
        <item>6000</item>
        <item>3740</item>
        <item>7100</item>
        <item>7900</item>
        <item>15680</item>
        <item>4800</item>
        <item>6850</item>
        <item>16580</item>
        <item>3990</item>
        <item>4510</item>
        <item>7450</item>
        <item>7650</item>
        <item>14320</item>
        <item>4350</item>
        <item>6210</item>
        <item>12580</item>
        <item>15500</item>
        <item>12580</item>
      </mp_prices>
    </VWT_MUSCLE>
    <VWT_OFFROAD>
      <sp_prices>
        <item>1850</item>
        <item>2050</item>
        <item>1890</item>
        <item>2100</item>
        <item>2590</item>
        <item>2190</item>
        <item>2000</item>
        <item>2200</item>
        <item>1770</item>
        <item>1800</item>
      </sp_prices>
      <mp_prices>
        <item>3120</item>
        <item>5000</item>
        <item>5000</item>
        <item>6000</item>
        <item>7240</item>
        <item>4690</item>
        <item>15000</item>
        <item>11200</item>
        <item>7930</item>
        <item>4810</item>
        <item>6810</item>
      </mp_prices>
    </VWT_OFFROAD>
    <VWT_SUV>
      <sp_prices>
        <item>3180</item>
        <item>3200</item>
        <item>3050</item>
        <item>3220</item>
        <item>3000</item>
        <item>3450</item>
        <item>3490</item>
        <item>3100</item>
        <item>3150</item>
        <item>3200</item>
        <item>3090</item>
        <item>3300</item>
        <item>3100</item>
        <item>3600</item>
        <item>3250</item>
        <item>3150</item>
        <item>3380</item>
        <item>3190</item>
        <item>3375</item>
        <item>3085</item>
      </sp_prices>
      <mp_prices>
        <item>5000</item>
        <item>18100</item>
        <item>5360</item>
        <item>8000</item>
        <item>9150</item>
        <item>5890</item>
        <item>15400</item>
        <item>8000</item>
        <item>19600</item>
        <item>9130</item>
        <item>9980</item>
        <item>15230</item>
        <item>6000</item>
        <item>15990</item>
        <item>20000</item>
        <item>17560</item>
        <item>18750</item>
        <item>19820</item>
        <item>9890</item>
        <item>8100</item>
        <item>17560</item>
      </mp_prices>
    </VWT_SUV>
    <VWT_TUNER>
      <sp_prices>
        <item>2450</item>
        <item>2500</item>
        <item>2490</item>
        <item>2600</item>
        <item>2620</item>
        <item>2700</item>
        <item>2550</item>
        <item>2770</item>
        <item>2580</item>
        <item>2820</item>
        <item>2855</item>
        <item>2890</item>
        <item>2400</item>
        <item>2490</item>
        <item>2520</item>
        <item>2550</item>
        <item>2610</item>
        <item>2660</item>
        <item>2720</item>
        <item>2490</item>
        <item>2440</item>
        <item>2500</item>
        <item>2585</item>
        <item>2840</item>
      </sp_prices>
      <mp_prices>
        <item>4000</item>
        <item>8000</item>
        <item>6000</item>
        <item>4990</item>
        <item>6300</item>
        <item>4930</item>
        <item>7850</item>
        <item>13440</item>
        <item>17000</item>
        <item>6790</item>
        <item>16480</item>
        <item>8000</item>
        <item>5000</item>
        <item>6100</item>
        <item>6230</item>
        <item>4850</item>
        <item>6350</item>
        <item>7930</item>
        <item>4920</item>
        <item>5000</item>
        <item>4980</item>
        <item>4250</item>
        <item>6330</item>
        <item>14100</item>
        <item>16890</item>
      </mp_prices>
    </VWT_TUNER>
    <VWT_BIKE>
      <sp_prices>
        <item>1780</item>
        <item>1800</item>
        <item>1820</item>
        <item>1850</item>
        <item>1750</item>
        <item>1690</item>
        <item>1890</item>
        <item>2180</item>
        <item>1890</item>
        <item>1950</item>
        <item>2500</item>
        <item>2600</item>
        <item>2550</item>
      </sp_prices>
      <mp_prices>
        <item>3000</item>
        <item>3780</item>
        <item>4000</item>
        <item>5120</item>
        <item>5870</item>
        <item>3500</item>
        <item>3380</item>
        <item>6120</item>
        <item>7000</item>
        <item>6550</item>
        <item>6830</item>
        <item>10250</item>
        <item>12000</item>
        <item>11370</item>
      </mp_prices>
    </VWT_BIKE>
    <VWT_LOWRIDER>
      <sp_prices>
        <item>1980</item>
        <item>2150</item>
        <item>2200</item>
        <item>2050</item>
        <item>2190</item>
        <item>2220</item>
        <item>2290</item>
        <item>2600</item>
        <item>2550</item>
        <item>2330</item>
        <item>2380</item>
        <item>3000</item>
        <item>2450</item>
        <item>2500</item>
        <item>2850</item>
      </sp_prices>
      <mp_prices>
        <item>4000</item>
        <item>6900</item>
        <item>4300</item>
        <item>4750</item>
        <item>4480</item>
        <item>6690</item>
        <item>7250</item>
        <item>6230</item>
        <item>15800</item>
        <item>14210</item>
        <item>13500</item>
        <item>16580</item>
        <item>17000</item>
        <item>8000</item>
        <item>12780</item>
        <item>7650</item>
      </mp_prices>
    </VWT_LOWRIDER>
    <VWT_HIEND>
      <sp_prices>
        <item>3280</item>
        <item>2890</item>
        <item>2850</item>
        <item>3750</item>
        <item>3100</item>
        <item>3490</item>
        <item>2990</item>
        <item>3050</item>
        <item>3480</item>
        <item>2530</item>
        <item>2580</item>
        <item>3350</item>
        <item>2880</item>
        <item>2700</item>
        <item>3650</item>
        <item>4290</item>
        <item>4150</item>
        <item>3900</item>
        <item>4000</item>
        <item>4200</item>
      </sp_prices>
      <mp_prices>
        <item>8000</item>
        <item>8780</item>
        <item>9990</item>
        <item>14890</item>
        <item>19600</item>
        <item>10870</item>
        <item>9620</item>
        <item>9790</item>
        <item>10260</item>
        <item>13390</item>
        <item>10660</item>
        <item>10990</item>
        <item>15000</item>
        <item>12250</item>
        <item>13690</item>
        <item>20130</item>
        <item>19240</item>
        <item>21380</item>
        <item>22100</item>
        <item>23680</item>
        <item>25000</item>
      </mp_prices>
    </VWT_HIEND>
  </WheelCosts>
</VehicleData>