<?xml version="1.0" encoding="UTF-8"?>

<Parts>
    <bodycolor>
        <title value="PrimaryColorKey" />
        <spDescription value="Product Description" />
        <mpDescription value = "Performance Exhaust" />
        <cost value="100"/>
        <speed value="0" /> 
        <handling value="0" />
        <weight value="0" /> 
    </bodycolor>
    <secondarycolor>
        <title value="SecondaryColorKey" />
        <spDescription value="Product Description" />
        <mpDescription value = "Performance Exhaust" />
        <cost value="200"/>
        <speed value="0" /> 
        <handling value="0" />
        <weight value="0" /> 
    </secondarycolor>  
    <windowcolor>
        <title value="WindowColorKey" />
        <spDescription value="Product Description" />
        <mpDescription value = "Performance Exhaust" />
        <cost value="500"/>
        <speed value="0" /> 
        <handling value="0" />
        <weight value="0" /> 
    </windowcolor>
    <tyrecolor>
        <title value="TireSmokeColorKey" />
        <spDescription value="Product Description" />
        <mpDescription value = "Performance Exhaust" />
        <cost value="150" bike="150" car="200" suv="300" sport="1000" special="2000" />        
        <speed value="0" /> 
        <handling value="0" />
        <weight value="0" /> 
    </tyrecolor>
    <engine1>
        <title value="EngineKey" />
        <spDescription value="StandardEngineKey" />
        <mpDescription value = "StandardEngineKey" />
        <cost value="0" bike="0" car="0" suv="0" sport="0" special="0" />
        <mp_cost value="0" bike="0" car="0" suv="0" sport="0" special="0" />
        <speed value="0" /> 
        <handling value="0" />
        <weight value="0" />
        <partType value="ENGINE"/>
    </engine1>
    <engine2>
        <title value="EngineKey" />
        <spDescription value = "EMSEngineKey" />
        <mpDescription value = "EMSEngineKey" />
        <cost value = "900" bike="900" car="900" suv="900" sport="900" special="900" />
        <mp_cost value="150" bike="1800" car="1800" suv="4500" sport="5850" special="9000" />
        <speed value="5" /> 
        <handling value="10" />
        <weight value="10" />
        <partType value="ENGINE"/>
    </engine2>
    <engine3>
        <title value="EngineKey" />
        <spDescription value = "EMSEngineLevel1Key" />
        <mpDescription value = "EMSEngineLevel1Key" />
        <cost value = "900" bike="900" car="900" suv="900" sport="900" special="900" />
        <mp_cost value="150" bike="1800" car="1800" suv="4500" sport="5850" special="9000" />
        <speed value="10" /> 
        <handling value="10" />
        <weight value="10" />
        <partType value="ENGINE"/>
    </engine3>
    <engine4>
        <title value="EngineKey" />
        <spDescription value = "EMSEngineLevel2Key" />
        <mpDescription value = "EMSEngineLevel2Key" />
        <cost value = "1250" bike="1250" car="1250" suv="1250" sport="1250" special="1250" />
        <mp_cost value="150" bike="2500" car="2500" suv="6250" sport="8125" special="12500" />
        <speed value="15" />
        <handling value="10" />
        <weight value="10" />
        <partType value="ENGINE"/>
    </engine4>
    <engine5>
        <title value="EngineKey" />
        <spDescription value = "EMSEngineLevel3Key" />
        <mpDescription value = "EMSEngineLevel3Key" />
        <cost value = "1800" bike="1800" car="1800" suv="1800" sport="1800" special="1800" />
        <mp_cost value="150" bike="3600" car="3600" suv="9000" sport="11700" special="18000" />
        <speed value="20" />
        <handling value="10" />
        <weight value="10" />
        <partType value="ENGINE"/>
    </engine5>
    <engine6>
        <title value="EngineKey" />
        <spDescription value = "EMSEngineLevel4Key" />
        <mpDescription value = "EMSEngineLevel4Key" />
        <cost value = "3350" bike="3350" car="3350" suv="3350" sport="3350" special="3350" />
        <mp_cost value="150" bike="6700" car="6700" suv="16750" sport="21775" special="33500" />
        <speed value="25" />
        <handling value="10" />
        <weight value="10" />
        <partType value="ENGINE"/>
    </engine6>
    <brake1>
        <title value="BrakesKey" />
        <spDescription value = "StockBrakesKey" />
        <mpDescription value = "StockBrakesKey" />
        <cost value = "100" bike="100" car="100" suv="100" sport="100" special="100" />
        <mp_cost value="150" bike="200" car="200" suv="500" sport="650" special="1000" />
        <speed value="0" /> 
        <handling value="0" />
        <weight value="0" />
        <partType value="BRAKES"/>
    </brake1>
    <brake2>
        <title value="BrakesKey" />
        <spDescription value = "Brakes1Key" />
        <mpDescription value = "Brakes1Key" />
        <cost value = "2000" bike="2000" car="2000" suv="2000" sport="2000" special="2000" />
        <mp_cost value="150" bike="4000" car="4000" suv="10000" sport="13000" special="20000" />
        <speed value="0" /> 
        <handling value="10" />
        <weight value="5" />
        <partType value="BRAKES"/>
    </brake2>
    <brake3>
        <title value="BrakesKey" />
        <spDescription value = "Brakes2Key" />
        <mpDescription value = "Brakes2Key" />
        <cost value = "2700" bike="2700" car="2700" suv="2700" sport="2700" special="2700" />
        <mp_cost value="150" bike="150" car="200" suv="300" sport="1000" special="2000" />
        <speed value="0" />
        <handling value="10" />
        <weight value="5" />
        <partType value="BRAKES"/>
    </brake3>
    <brake4>
        <title value="BrakesKey" />
        <spDescription value = "Brakes3Key" />
        <mpDescription value = "Brakes3Key" />
        <cost value = "3500" bike="3500" car="3500" suv="3500" sport="3500" special="3500" />
        <mp_cost value="150" bike="5400" car="5400" suv="13500" sport="17550" special="27000" />
        <speed value="0" />
        <handling value="10" />
        <weight value="5" />
        <partType value="BRAKES"/>
    </brake4>
    <brake5>
        <title value="BrakesKey" />
        <spDescription value = "Brakes4Key" />
        <mpDescription value = "Brakes4Key" />
        <cost value = "5000" bike="5000" car="5000" suv="5000" sport="5000" special="5000" />
        <mp_cost value="150" bike="7000" car="7000" suv="17500" sport="22750" special="35000" />
        <speed value="0" />
        <handling value="10" />
        <weight value="5" />
        <partType value="BRAKES"/>
    </brake5>
    <exhaust1>
        <title value="ExhaustKey" />
        <spDescription value = "StockExhaustKey" />
        <mpDescription value = "StockExhaustKey" />
        <cost value = "130" bike="130" car="130" suv="130" sport="130" special="130" />
        <mp_cost value="150" bike="260" car="260" suv="260" sport="260" special="260" />
        <speed value="0" /> 
        <handling value="0" />
        <weight value="0" />
        <partType value="EXHAUST"/>
    </exhaust1>
    <exhaust2>
        <title value="ExhaustKey" />
        <spDescription value = "PerformanceExhaust1Key" />
        <mpDescription value = "PerformanceExhaust1Key" />
        <cost value = "375" bike="375" car="375" suv="375" sport="375" special="375" />
        <mp_cost value="150" bike="750" car="750" suv="750" sport="750" special="750" />
        <speed value="10" /> 
        <handling value="0" />
        <weight value="5" />
        <partType value="EXHAUST"/>
    </exhaust2>
    <exhaust3>
        <title value="ExhaustKey" />
        <spDescription value = "PerformanceExhaust2Key" />
        <mpDescription value = "PerformanceExhaust2Key" />
        <cost value = "899" bike="899" car="899" suv="899" sport="899" special="899" />
        <mp_cost value="150" bike="1798" car="1798" suv="1798" sport="1798" special="1798" />
        <speed value="10" />
        <handling value="0" />
        <weight value="5" />
        <partType value="EXHAUST"/>
    </exhaust3>
    <exhaust4>
        <title value="ExhaustKey" />
        <spDescription value = "PerformanceExhaust3Key" />
        <mpDescription value = "PerformanceExhaust3Key" />
        <cost value = "1499" bike="1499" car="1499" suv="1499" sport="1499" special="1499" />
        <mp_cost value="150" bike="2998" car="2998" suv="2998" sport="2998" special="2998" />
        <speed value="10" />
        <handling value="0" />
        <weight value="5" />
        <partType value="EXHAUST"/>
    </exhaust4>
    <exhaust5>
        <title value="ExhaustKey" />
        <spDescription value = "PerformanceExhaust4Key" />
        <mpDescription value = "PerformanceExhaust4Key" />
        <cost value = "4770" bike="4770" car="4770" suv="4770" sport="4770" special="4770" />
        <mp_cost value="150" bike="9540" car="9540" suv="9540" sport="9540" special="9540" />
        <speed value="15" />
        <handling value="0" />
        <weight value="2" />
        <partType value="EXHAUST"/>
    </exhaust5>
    <exhaust6>
        <title value="ExhaustKey" />
        <spDescription value = "PerformanceExhaust5Key" />
        <mpDescription value = "PerformanceExhaust5Key" />
        <cost value = "4950" bike="4950" car="4950" suv="4950" sport="4950" special="4950" />
        <mp_cost value="150" bike="9740" car="9740" suv="9740" sport="9740" special="9740" />
        <speed value="10" />
        <handling value="0" />
        <weight value="5" />
        <partType value="EXHAUST"/>
    </exhaust6>
    <alloy1>
        <title value="WheelsKey" />
        <spDescription value = "StockWheelsKey" />
        <mpDescription value = "StockWheelsKey" />
        <VWT_SPORT value = "StockWheelsKey" />
        <VWT_MUSCLE value = "StockWheelsKey" />
        <VWT_LOWRIDER value = "StockWheelsKey" />
        <VWT_SUV value = "StockWheelsKey" />
        <VWT_OFFROAD value = "StockWheelsKey" />
        <VWT_TUNER value = "StockWheelsKey" />
        <VWT_BIKE value = "StockWheelsKey" />
        <VWT_HIEND value = "StockWheelsKey" />
        <cost value = "800" bike="800" car="1500" suv="1500" sport="1500" special="1500" />
        <mp_cost value="150" bike="150" car="200" suv="300" sport="1000" special="2000" />
        <speed value="0" /> 
        <handling value="0" />
        <weight value="2" />
        <partType value="ALLOYS"/>
    </alloy1>
    <alloy2>
        <title value="WheelsKey" />
        <spDescription value = "Wheels1Key" />
        <mpDescription value = "Wheels1Key" />
        <VWT_SPORT value = "Wheels1SportKey" />
        <VWT_MUSCLE value = "StockWheelsKey" />
        <VWT_LOWRIDER value = "StockWheelsKey" />
        <VWT_SUV value = "StockWheelsKey" />
        <VWT_OFFROAD value = "StockWheelsKey" />
        <VWT_TUNER value = "StockWheelsKey" />
        <VWT_BIKE value = "StockWheelsKey" />
        <VWT_HIEND value = "StockWheelsKey" />
        <cost value = "800" bike="800" car="1500" suv="1500" sport="1500" special="1500" />
        <mp_cost value="150" bike="150" car="200" suv="300" sport="1000" special="2000" />
        <speed value="0" />
        <handling value="0" />
        <weight value="0" />
        <partType value="ALLOYS"/>
    </alloy2>
    <alloy3>
        <title value="WheelsKey" />
        <spDescription value = "Wheels2Key" />
        <mpDescription value = "Wheels2Key" />
        <VWT_SPORT value = "StockWheelsKey" />
        <VWT_MUSCLE value = "StockWheelsKey" />
        <VWT_LOWRIDER value = "StockWheelsKey" />
        <VWT_SUV value = "StockWheelsKey" />
        <VWT_OFFROAD value = "StockWheelsKey" />
        <VWT_TUNER value = "StockWheelsKey" />
        <VWT_BIKE value = "StockWheelsKey" />
        <VWT_HIEND value = "StockWheelsKey" />
        <cost value = "800" bike="800" car="1500" suv="1500" sport="1500" special="1500" />
        <mp_cost value="150" bike="150" car="200" suv="300" sport="1000" special="2000" />
        <speed value="0" /> 
        <handling value="0" />
        <weight value="0" />
        <partType value="ALLOYS"/>
    </alloy3>
    <alloy4>
        <title value="WheelsKey" />
        <spDescription value = "Wheels3Key" />
        <mpDescription value = "Wheels3Key" />
        <VWT_SPORT value = "StockWheelsKey" />
        <VWT_MUSCLE value = "StockWheelsKey" />
        <VWT_LOWRIDER value = "StockWheelsKey" />
        <VWT_SUV value = "StockWheelsKey" />
        <VWT_OFFROAD value = "StockWheelsKey" />
        <VWT_TUNER value = "StockWheelsKey" />
        <VWT_BIKE value = "StockWheelsKey" />
        <VWT_HIEND value = "StockWheelsKey" />
        <cost value = "800" bike="800" car="1500" suv="1500" sport="1500" special="1500" />
        <mp_cost value="150" bike="150" car="200" suv="300" sport="1000" special="2000" />
        <speed value="0" /> 
        <handling value="0" />
        <weight value="0" />
        <partType value="ALLOYS"/>
    </alloy4>
    <alloy5>
        <title value="WheelsKey" />
        <spDescription value = "Wheels4Key" />
        <mpDescription value = "Wheels4Key" />
        <VWT_SPORT value = "StockWheelsKey" />
        <VWT_MUSCLE value = "StockWheelsKey" />
        <VWT_LOWRIDER value = "StockWheelsKey" />
        <VWT_SUV value = "StockWheelsKey" />
        <VWT_OFFROAD value = "StockWheelsKey" />
        <VWT_TUNER value = "StockWheelsKey" />
        <VWT_BIKE value = "StockWheelsKey" />
        <VWT_HIEND value = "StockWheelsKey" />
        <cost value = "800" bike="800" car="1500" suv="1500" sport="1500" special="1500" />
        <mp_cost value="150" bike="150" car="200" suv="300" sport="1000" special="2000" />
        <speed value="0" /> 
        <handling value="0" />
        <weight value="0" />
        <partType value="ALLOYS"/>
    </alloy5>
    <alloy6>
        <title value="WheelsKey" />
        <spDescription value = "Wheels5Key" />
        <mpDescription value = "Wheels5Key" />
        <VWT_SPORT value = "StockWheelsKey" />
        <VWT_MUSCLE value = "StockWheelsKey" />
        <VWT_LOWRIDER value = "StockWheelsKey" />
        <VWT_SUV value = "StockWheelsKey" />
        <VWT_OFFROAD value = "StockWheelsKey" />
        <VWT_TUNER value = "StockWheelsKey" />
        <VWT_BIKE value = "StockWheelsKey" />
        <VWT_HIEND value = "StockWheelsKey" />
        <cost value = "800" bike="800" car="1500" suv="1500" sport="1500" special="1500" />
        <mp_cost value="150" bike="150" car="200" suv="300" sport="1000" special="2000" />
        <speed value="0" />
        <handling value="0" />
        <weight value="0" />
        <partType value="ALLOYS"/>
    </alloy6>
    <alloy7>
        <title value="WheelsKey" />
        <spDescription value = "Wheels6Key" />
        <mpDescription value = "Wheels6Key" />
        <VWT_SPORT value = "StockWheelsKey" />
        <VWT_MUSCLE value = "StockWheelsKey" />
        <VWT_LOWRIDER value = "StockWheelsKey" />
        <VWT_SUV value = "StockWheelsKey" />
        <VWT_OFFROAD value = "StockWheelsKey" />
        <VWT_TUNER value = "StockWheelsKey" />
        <VWT_BIKE value = "StockWheelsKey" />
        <VWT_HIEND value = "StockWheelsKey" />
        <cost value = "800" bike="800" car="1500" suv="1500" sport="1500" special="1500" />
        <mp_cost value="150" bike="150" car="200" suv="300" sport="1000" special="2000" />
        <speed value="0" />
        <handling value="0" />
        <weight value="0" />
        <partType value="ALLOYS"/>
    </alloy7>
    <alloy8>
        <title value="WheelsKey" />
        <spDescription value = "Wheels7Key" />
        <mpDescription value = "Wheels7Key" />
        <VWT_SPORT value = "StockWheelsKey" />
        <VWT_MUSCLE value = "StockWheelsKey" />
        <VWT_LOWRIDER value = "StockWheelsKey" />
        <VWT_SUV value = "StockWheelsKey" />
        <VWT_OFFROAD value = "StockWheelsKey" />
        <VWT_TUNER value = "StockWheelsKey" />
        <VWT_BIKE value = "StockWheelsKey" />
        <VWT_HIEND value = "StockWheelsKey" />
        <cost value = "800" bike="800" car="1500" suv="1500" sport="1500" special="1500" />
        <mp_cost value="150" bike="150" car="200" suv="300" sport="1000" special="2000" />
        <speed value="0" />
        <handling value="0" />
        <weight value="0" />
        <partType value="ALLOYS"/>
    </alloy8>
    <alloy9>
        <title value="WheelsKey" />
        <spDescription value = "Wheels8Key" />
        <mpDescription value = "Wheels8Key" />
        <VWT_SPORT value = "StockWheelsKey" />
        <VWT_MUSCLE value = "StockWheelsKey" />
        <VWT_LOWRIDER value = "StockWheelsKey" />
        <VWT_SUV value = "StockWheelsKey" />
        <VWT_OFFROAD value = "StockWheelsKey" />
        <VWT_TUNER value = "StockWheelsKey" />
        <VWT_BIKE value = "StockWheelsKey" />
        <VWT_HIEND value = "StockWheelsKey" />
        <cost value = "800" bike="800" car="1500" suv="1500" sport="1500" special="1500" />
        <speed value="0" />
        <handling value="0" />
        <weight value="0" />
        <partType value="ALLOYS"/>
    </alloy9>
    <alloy10>
        <title value="WheelsKey" />
        <spDescription value = "Wheels9Key" />
        <mpDescription value = "Wheels9Key" />
        <VWT_SPORT value = "StockWheelsKey" />
        <VWT_MUSCLE value = "StockWheelsKey" />
        <VWT_LOWRIDER value = "StockWheelsKey" />
        <VWT_SUV value = "StockWheelsKey" />
        <VWT_OFFROAD value = "StockWheelsKey" />
        <VWT_TUNER value = "StockWheelsKey" />
        <VWT_BIKE value = "StockWheelsKey" />
        <VWT_HIEND value = "StockWheelsKey" />
        <cost value = "800" bike="800" car="1500" suv="1500" sport="1500" special="1500" />
        <speed value="0" />
        <handling value="0" />
        <weight value="0" />
        <partType value="ALLOYS"/>
    </alloy10>
    <alloy11>
        <title value="WheelsKey" />
        <spDescription value = "Wheels10Key" />
        <mpDescription value = "Wheels10Key" />
        <VWT_SPORT value = "StockWheelsKey" />
        <VWT_MUSCLE value = "StockWheelsKey" />
        <VWT_LOWRIDER value = "StockWheelsKey" />
        <VWT_SUV value = "StockWheelsKey" />
        <VWT_OFFROAD value = "StockWheelsKey" />
        <VWT_TUNER value = "StockWheelsKey" />
        <VWT_BIKE value = "StockWheelsKey" />
        <VWT_HIEND value = "StockWheelsKey" />
        <cost value = "800" bike="800" car="1500" suv="1500" sport="1500" special="1500" />
        <speed value="0" />
        <handling value="0" />
        <weight value="0" />
        <partType value="ALLOYS"/>
    </alloy11>
    <alloy12>
        <title value="WheelsKey" />
        <spDescription value = "Wheels11Key" />
        <mpDescription value = "Wheels11Key" />
        <VWT_SPORT value = "StockWheelsKey" />
        <VWT_MUSCLE value = "StockWheelsKey" />
        <VWT_LOWRIDER value = "StockWheelsKey" />
        <VWT_SUV value = "StockWheelsKey" />
        <VWT_OFFROAD value = "StockWheelsKey" />
        <VWT_TUNER value = "StockWheelsKey" />
        <VWT_BIKE value = "StockWheelsKey" />
        <VWT_HIEND value = "StockWheelsKey" />
        <cost value = "800" bike="800" car="1500" suv="1500" sport="1500" special="1500" />
        <speed value="0" />
        <handling value="0" />
        <weight value="0" />
        <partType value="ALLOYS"/>
    </alloy12>
    <alloy13>
        <title value="WheelsKey" />
        <spDescription value = "Wheels12Key" />
        <mpDescription value = "Wheels12Key" />
        <VWT_SPORT value = "StockWheelsKey" />
        <VWT_MUSCLE value = "StockWheelsKey" />
        <VWT_LOWRIDER value = "StockWheelsKey" />
        <VWT_SUV value = "StockWheelsKey" />
        <VWT_OFFROAD value = "StockWheelsKey" />
        <VWT_TUNER value = "StockWheelsKey" />
        <VWT_BIKE value = "StockWheelsKey" />
        <VWT_HIEND value = "StockWheelsKey" />
        <cost value = "800" bike="800" car="1500" suv="1500" sport="1500" special="1500" />
        <speed value="0" />
        <handling value="0" />
        <weight value="0" />
        <partType value="ALLOYS"/>
    </alloy13>
    <alloy14>
        <title value="WheelsKey" />
        <spDescription value = "Wheels13Key" />
        <mpDescription value = "Wheels13Key" />
        <VWT_SPORT value = "StockWheelsKey" />
        <VWT_MUSCLE value = "StockWheelsKey" />
        <VWT_LOWRIDER value = "StockWheelsKey" />
        <VWT_SUV value = "StockWheelsKey" />
        <VWT_OFFROAD value = "StockWheelsKey" />
        <VWT_TUNER value = "StockWheelsKey" />
        <VWT_BIKE value = "StockWheelsKey" />
        <VWT_HIEND value = "StockWheelsKey" />
        <cost value = "800" bike="800" car="1500" suv="1500" sport="1500" special="1500" />
        <speed value="0" />
        <handling value="0" />
        <weight value="0" />
        <partType value="ALLOYS"/>
    </alloy14>
    <alloy15>
        <title value="WheelsKey" />
        <spDescription value = "Wheels14Key" />
        <mpDescription value = "Wheels14Key" />
        <VWT_SPORT value = "StockWheelsKey" />
        <VWT_MUSCLE value = "StockWheelsKey" />
        <VWT_LOWRIDER value = "StockWheelsKey" />
        <VWT_SUV value = "StockWheelsKey" />
        <VWT_OFFROAD value = "StockWheelsKey" />
        <VWT_TUNER value = "StockWheelsKey" />
        <VWT_BIKE value = "StockWheelsKey" />
        <VWT_HIEND value = "StockWheelsKey" />
        <cost value = "800" bike="800" car="1500" suv="1500" sport="1500" special="1500" />
        <speed value="0" />
        <handling value="0" />
        <weight value="0" />
        <partType value="ALLOYS"/>
    </alloy15>
    <alloy16>
        <title value="WheelsKey" />
        <spDescription value = "Wheels15Key" />
        <mpDescription value = "Wheels15Key" />
        <VWT_SPORT value = "StockWheelsKey" />
        <VWT_MUSCLE value = "StockWheelsKey" />
        <VWT_LOWRIDER value = "StockWheelsKey" />
        <VWT_SUV value = "StockWheelsKey" />
        <VWT_OFFROAD value = "StockWheelsKey" />
        <VWT_TUNER value = "StockWheelsKey" />
        <VWT_BIKE value = "StockWheelsKey" />
        <VWT_HIEND value = "StockWheelsKey" />
        <cost value = "800" bike="800" car="1500" suv="1500" sport="1500" special="1500" />
        <speed value="0" />
        <handling value="0" />
        <weight value="0" />
        <partType value="ALLOYS"/>
    </alloy16>
    <alloy17>
        <title value="WheelsKey" />
        <spDescription value = "Wheels16Key" />
        <mpDescription value = "Wheels16Key" />
        <VWT_SPORT value = "StockWheelsKey" />
        <VWT_MUSCLE value = "StockWheelsKey" />
        <VWT_LOWRIDER value = "StockWheelsKey" />
        <VWT_SUV value = "StockWheelsKey" />
        <VWT_OFFROAD value = "StockWheelsKey" />
        <VWT_TUNER value = "StockWheelsKey" />
        <VWT_BIKE value = "StockWheelsKey" />
        <VWT_HIEND value = "StockWheelsKey" />
        <cost value = "800" bike="800" car="1500" suv="1500" sport="1500" special="1500" />
        <speed value="0" />
        <handling value="0" />
        <weight value="0" />
        <partType value="ALLOYS"/>
    </alloy17>
    <alloy18>
        <title value="WheelsKey" />
        <spDescription value = "Wheels17Key" />
        <mpDescription value = "Wheels17Key" />
        <VWT_SPORT value = "StockWheelsKey" />
        <VWT_MUSCLE value = "StockWheelsKey" />
        <VWT_LOWRIDER value = "StockWheelsKey" />
        <VWT_SUV value = "StockWheelsKey" />
        <VWT_OFFROAD value = "StockWheelsKey" />
        <VWT_TUNER value = "StockWheelsKey" />
        <VWT_BIKE value = "StockWheelsKey" />
        <VWT_HIEND value = "StockWheelsKey" />
        <cost value = "800" bike="800" car="1500" suv="1500" sport="1500" special="1500" />
        <speed value="0" />
        <handling value="0" />
        <weight value="0" />
        <partType value="ALLOYS"/>
    </alloy18>
    <alloy19>
        <title value="WheelsKey" />
        <spDescription value = "Wheels18Key" />
        <mpDescription value = "Wheels18Key" />
        <VWT_SPORT value = "StockWheelsKey" />
        <VWT_MUSCLE value = "StockWheelsKey" />
        <VWT_LOWRIDER value = "StockWheelsKey" />
        <VWT_SUV value = "StockWheelsKey" />
        <VWT_OFFROAD value = "StockWheelsKey" />
        <VWT_TUNER value = "StockWheelsKey" />
        <VWT_BIKE value = "StockWheelsKey" />
        <VWT_HIEND value = "StockWheelsKey" />
        <cost value = "800" bike="800" car="1500" suv="1500" sport="1500" special="1500" />
        <speed value="0" />
        <handling value="0" />
        <weight value="0" />
        <partType value="ALLOYS"/>
    </alloy19>
    <alloy20>
        <title value="WheelsKey" />
        <spDescription value = "Wheels19Key" />
        <mpDescription value = "Wheels19Key" />
        <VWT_SPORT value = "StockWheelsKey" />
        <VWT_MUSCLE value = "StockWheelsKey" />
        <VWT_LOWRIDER value = "StockWheelsKey" />
        <VWT_SUV value = "StockWheelsKey" />
        <VWT_OFFROAD value = "StockWheelsKey" />
        <VWT_TUNER value = "StockWheelsKey" />
        <VWT_BIKE value = "StockWheelsKey" />
        <VWT_HIEND value = "StockWheelsKey" />
        <cost value = "800" bike="800" car="1500" suv="1500" sport="1500" special="1500" />
        <speed value="0" />
        <handling value="0" />
        <weight value="0" />
        <partType value="ALLOYS"/>
    </alloy20>
    <alloy21>
        <title value="WheelsKey" />
        <spDescription value = "Wheels20Key" />
        <mpDescription value = "Wheels20Key" />
        <VWT_SPORT value = "StockWheelsKey" />
        <VWT_MUSCLE value = "StockWheelsKey" />
        <VWT_LOWRIDER value = "StockWheelsKey" />
        <VWT_SUV value = "StockWheelsKey" />
        <VWT_OFFROAD value = "StockWheelsKey" />
        <VWT_TUNER value = "StockWheelsKey" />
        <VWT_BIKE value = "StockWheelsKey" />
        <VWT_HIEND value = "StockWheelsKey" />
        <cost value = "800" bike="800" car="1500" suv="1500" sport="1500" special="1500" />
        <speed value="0" />
        <handling value="0" />
        <weight value="0" />
        <partType value="ALLOYS"/>
    </alloy21>
    <alloy22>
        <title value="WheelsKey" />
        <spDescription value = "Wheels21Key" />
        <mpDescription value = "Wheels21Key" />
        <VWT_SPORT value = "StockWheelsKey" />
        <VWT_MUSCLE value = "StockWheelsKey" />
        <VWT_LOWRIDER value = "StockWheelsKey" />
        <VWT_SUV value = "StockWheelsKey" />
        <VWT_OFFROAD value = "StockWheelsKey" />
        <VWT_TUNER value = "StockWheelsKey" />
        <VWT_BIKE value = "StockWheelsKey" />
        <VWT_HIEND value = "StockWheelsKey" />
        <cost value = "800" bike="800" car="1500" suv="1500" sport="1500" special="1500" />
        <speed value="0" />
        <handling value="0" />
        <weight value="0" />
        <partType value="ALLOYS"/>
    </alloy22>
    <alloy23>
        <title value="WheelsKey" />
        <spDescription value = "Wheels22Key" />
        <mpDescription value = "Wheels22Key" />
        <VWT_SPORT value = "StockWheelsKey" />
        <VWT_MUSCLE value = "StockWheelsKey" />
        <VWT_LOWRIDER value = "StockWheelsKey" />
        <VWT_SUV value = "StockWheelsKey" />
        <VWT_OFFROAD value = "StockWheelsKey" />
        <VWT_TUNER value = "StockWheelsKey" />
        <VWT_BIKE value = "StockWheelsKey" />
        <VWT_HIEND value = "StockWheelsKey" />
        <cost value = "800" bike="800" car="1500" suv="1500" sport="1500" special="1500" />
        <speed value="0" />
        <handling value="0" />
        <weight value="0" />
        <partType value="ALLOYS"/>
    </alloy23>
    <alloy24>
        <title value="WheelsKey" />
        <spDescription value = "Wheels23Key" />
        <mpDescription value = "Wheels23Key" />
        <VWT_SPORT value = "StockWheelsKey" />
        <VWT_MUSCLE value = "StockWheelsKey" />
        <VWT_LOWRIDER value = "StockWheelsKey" />
        <VWT_SUV value = "StockWheelsKey" />
        <VWT_OFFROAD value = "StockWheelsKey" />
        <VWT_TUNER value = "StockWheelsKey" />
        <VWT_BIKE value = "StockWheelsKey" />
        <VWT_HIEND value = "StockWheelsKey" />
        <cost value = "800" bike="800" car="1500" suv="1500" sport="1500" special="1500" />
        <speed value="0" />
        <handling value="0" />
        <weight value="0" />
        <partType value="ALLOYS"/>
    </alloy24>
    <alloy25>
        <title value="WheelsKey" />
        <spDescription value = "Wheels24Key" />
        <mpDescription value = "Wheels24Key" />
        <VWT_SPORT value = "StockWheelsKey" />
        <VWT_MUSCLE value = "StockWheelsKey" />
        <VWT_LOWRIDER value = "StockWheelsKey" />
        <VWT_SUV value = "StockWheelsKey" />
        <VWT_OFFROAD value = "StockWheelsKey" />
        <VWT_TUNER value = "StockWheelsKey" />
        <VWT_BIKE value = "StockWheelsKey" />
        <VWT_HIEND value = "StockWheelsKey" />
        <cost value = "800" bike="800" car="1500" suv="1500" sport="1500" special="1500" />
        <speed value="0" />
        <handling value="0" />
        <weight value="0" />
        <partType value="ALLOYS"/>
    </alloy25>
    <alloy26>
        <title value="WheelsKey" />
        <spDescription value = "Wheels25Key" />
        <mpDescription value = "Wheels25Key" />
        <VWT_SPORT value = "StockWheelsKey" />
        <VWT_MUSCLE value = "StockWheelsKey" />
        <VWT_LOWRIDER value = "StockWheelsKey" />
        <VWT_SUV value = "StockWheelsKey" />
        <VWT_OFFROAD value = "StockWheelsKey" />
        <VWT_TUNER value = "StockWheelsKey" />
        <VWT_BIKE value = "StockWheelsKey" />
        <VWT_HIEND value = "StockWheelsKey" />
        <cost value = "800" bike="800" car="1500" suv="1500" sport="1500" special="1500" />
        <speed value="0" />
        <handling value="0" />
        <weight value="0" />
        <partType value="ALLOYS"/>
    </alloy26>
    <alloy27>
        <title value="WheelsKey" />
        <spDescription value = "Wheels26Key" />
        <mpDescription value = "Wheels26Key" />
        <VWT_SPORT value = "StockWheelsKey" />
        <VWT_MUSCLE value = "StockWheelsKey" />
        <VWT_LOWRIDER value = "StockWheelsKey" />
        <VWT_SUV value = "StockWheelsKey" />
        <VWT_OFFROAD value = "StockWheelsKey" />
        <VWT_TUNER value = "StockWheelsKey" />
        <VWT_BIKE value = "StockWheelsKey" />
        <VWT_HIEND value = "StockWheelsKey" />
        <cost value = "800" bike="800" car="1500" suv="1500" sport="1500" special="1500" />
        <speed value="0" />
        <handling value="0" />
        <weight value="0" />
        <partType value="ALLOYS"/>
    </alloy27>
    <alloy28>
        <title value="WheelsKey" />
        <spDescription value = "Wheels27Key" />
        <mpDescription value = "Wheels27Key" />
        <VWT_SPORT value = "StockWheelsKey" />
        <VWT_MUSCLE value = "StockWheelsKey" />
        <VWT_LOWRIDER value = "StockWheelsKey" />
        <VWT_SUV value = "StockWheelsKey" />
        <VWT_OFFROAD value = "StockWheelsKey" />
        <VWT_TUNER value = "StockWheelsKey" />
        <VWT_BIKE value = "StockWheelsKey" />
        <VWT_HIEND value = "StockWheelsKey" />
        <cost value = "800" bike="800" car="1500" suv="1500" sport="1500" special="1500" />
        <speed value="0" />
        <handling value="0" />
        <weight value="0" />
        <partType value="ALLOYS"/>
    </alloy28>
    <alloy29>
        <title value="WheelsKey" />
        <spDescription value = "Wheels28Key" />
        <mpDescription value = "Wheels28Key" />
        <VWT_SPORT value = "StockWheelsKey" />
        <VWT_MUSCLE value = "StockWheelsKey" />
        <VWT_LOWRIDER value = "StockWheelsKey" />
        <VWT_SUV value = "StockWheelsKey" />
        <VWT_OFFROAD value = "StockWheelsKey" />
        <VWT_TUNER value = "StockWheelsKey" />
        <VWT_BIKE value = "StockWheelsKey" />
        <VWT_HIEND value = "StockWheelsKey" />
        <cost value = "800" bike="800" car="1500" suv="1500" sport="1500" special="1500" />
        <speed value="0" />
        <handling value="0" />
        <weight value="0" />
        <partType value="ALLOYS"/>
    </alloy29>
    <alloy30>
        <title value="WheelsKey" />
        <spDescription value = "Wheels29Key" />
        <mpDescription value = "Wheels29Key" />
        <VWT_SPORT value = "Wheels29Key" />
        <VWT_MUSCLE value = "Wheels29Key" />
        <VWT_LOWRIDER value = "Wheels29Key" />
        <VWT_SUV value = "Wheels29Key" />
        <VWT_OFFROAD value = "Wheels29Key" />
        <VWT_TUNER value = "Wheels29Key" />
        <VWT_BIKE value = "Wheels29Key" />
        <VWT_HIEND value = "Wheels29Key" />
        <cost value = "800" bike="800" car="1500" suv="1500" sport="1500" special="1500" />
        <speed value="0" />
        <handling value="0" />
        <weight value="0" />
        <partType value="ALLOYS"/>
    </alloy30>
    <alloy31>
        <title value="WheelsKey" />
        <spDescription value = "Wheels30Key" />
        <mpDescription value = "Wheels30Key" />
        <VWT_SPORT value = "Wheels30Key" />
        <VWT_MUSCLE value = "Wheels30Key" />
        <VWT_LOWRIDER value = "Wheels30Key" />
        <VWT_SUV value = "Wheels30Key" />
        <VWT_OFFROAD value = "Wheels30Key" />
        <VWT_TUNER value = "Wheels30Key" />
        <VWT_BIKE value = "Wheels30Key" />
        <VWT_HIEND value = "Wheels30Key" />
        <cost value = "800" bike="800" car="1500" suv="1500" sport="1500" special="1500" />
        <speed value="0" />
        <handling value="0" />
        <weight value="0" />
        <partType value="ALLOYS"/>
    </alloy31>
    <alloy32>
        <title value="WheelsKey" />
        <spDescription value = "Wheels31Key" />
        <mpDescription value = "Wheels31Key" />
        <VWT_SPORT value = "Wheels31Key" />
        <VWT_MUSCLE value = "Wheels31Key" />
        <VWT_LOWRIDER value = "Wheels31Key" />
        <VWT_SUV value = "Wheels31Key" />
        <VWT_OFFROAD value = "Wheels31Key" />
        <VWT_TUNER value = "Wheels31Key" />
        <VWT_BIKE value = "Wheels31Key" />
        <VWT_HIEND value = "Wheels31Key" />
        <cost value = "800" bike="800" car="1500" suv="1500" sport="1500" special="1500" />
        <speed value="0" />
        <handling value="0" />
        <weight value="0" />
        <partType value="ALLOYS"/>
    </alloy32>
    <horn1>
        <title value="HornKey" />
        <spDescription value = "Horn1Key" />
        <mpDescription value = "Horn1Key" />
        <cost value = "50" bike="50" car="50" suv="50" sport="50" special="50" />
        <mp_cost value="150" bike="500" car="500" suv="500" sport="500" special="500" />
        <speed value="0" /> 
        <handling value="0" />
        <weight value="0" />
        <partType value="HORNS"/>
    </horn1>
    <horn2>
        <title value="HornKey" />
        <spDescription value = "Horn2Key" />
        <mpDescription value = "Horn2Key" />
        <cost value = "60" bike="60" car="60" suv="60" sport="60" special="60" />
        <mp_cost value="150" bike="2000" car="2000" suv="2000" sport="2000" special="2000" />
        <speed value="0" /> 
        <handling value="0" />
        <weight value="0" />
        <partType value="HORNS"/>
    </horn2>
    <horn3>
        <title value="HornKey" />
        <spDescription value = "Horn3Key" />
        <mpDescription value = "Horn3Key" />
        <cost value = "75" bike="75" car="75" suv="75" sport="75" special="75" />
        <mp_cost value="150" bike="3000" car="3000" suv="3000" sport="3000" special="3000" />
        <speed value="0" /> 
        <handling value="0" />
        <weight value="0" />
        <partType value="HORNS"/>
    </horn3>
    <horn4>
        <title value="HornKey" />
        <spDescription value = "Horn4Key" />
        <mpDescription value = "Horn4Key" />
        <cost value = "150" bike="150" car="150" suv="150" sport="150" special="150" />
        <mp_cost value="150" bike="5000" car="5000" suv="5000" sport="5000" special="5000" />
        <speed value="0" /> 
        <handling value="0" />
        <weight value="0" />
        <partType value="HORNS"/>
    </horn4>
    <horn5>
        <title value="HornKey" />
        <spDescription value = "Horn5Key" />
        <mpDescription value = "Horn5Key" />
        <cost value = "255" bike="255" car="255" suv="255" sport="255" special="255" />
        <mp_cost value="150" bike="10000" car="10000" suv="10000" sport="10000" special="10000" />
        <speed value="0" /> 
        <handling value="0" />
        <weight value="0" />
        <partType value="HORNS"/>
    </horn5>
    <horn6>
        <title value="HornKey" />
        <spDescription value = "Horn6Key" />
        <mpDescription value = "Horn6Key" />
        <cost value = "300" bike="300" car="300" suv="300" sport="300" special="300" />
        <mp_cost value="150" bike="12500" car="12500" suv="12500" sport="12500" special="12500" />
        <speed value="0" />
        <handling value="0" />
        <weight value="0" />
        <partType value="HORNS"/>
    </horn6>
    <horn7>
        <title value="HornKey" />
        <spDescription value = "Horn7Key" />
        <mpDescription value = "Horn7Key" />
        <cost value = "325" bike="325" car="325" suv="325" sport="325" special="325" />
        <mp_cost value="150" bike="15000" car="15000" suv="15000" sport="15000" special="15000" />
        <speed value="0" />
        <handling value="0" />
        <weight value="0" />
        <partType value="HORNS"/>
    </horn7>
    <horn8>
        <title value="HornKey" />
        <spDescription value = "Horn8Key" />
        <mpDescription value = "Horn8Key" />
        <cost value = "375" bike="375" car="375" suv="375" sport="375" special="375" />
        <mp_cost value="150" bike="17500" car="17500" suv="17500" sport="17500" special="17500" />
        <speed value="0" />
        <handling value="0" />
        <weight value="0" />
        <partType value="HORNS"/>
    </horn8>
    <horn9>
        <title value="HornKey" />
        <spDescription value = "Horn9Key" />
        <mpDescription value = "Horn9Key" />
        <cost value = "500" bike="500" car="500" suv="500" sport="500" special="500" />
        <mp_cost value="150" bike="25000" car="25000" suv="25000" sport="25000" special="25000" />
        <speed value="0" />
        <handling value="0" />
        <weight value="0" />
        <partType value="HORNS"/>
    </horn9>
    <armour1>
        <title value="ArmorKey" />
        <spDescription value = "NoneKey" />
        <mpDescription value = "NoneKey" />
        <cost value = "0" bike="100" car="100" suv="100" sport="100" special="100" />
        <mp_cost value="150" bike="1000" car="200" suv="500" sport="650" special="1000" />
        <speed value="0" /> 
        <handling value="0" />
        <weight value="0" />
        <partType value="ARMOUR"/>
    </armour1>
    <armour2>
        <title value="ArmorKey" />
        <spDescription value = "ArmorUpgrade20Key" />
        <mpDescription value = "ArmorUpgrade20Key" />
        <cost value = "500" bike="500" car="500" suv="500" sport="500" special="500" />
        <mp_cost value="150" bike="3600" car="4500" suv="5250" sport="6375" special="7500" />
        <speed value="0" /> 
        <handling value="0" />
        <weight value="0" />
        <partType value="ARMOUR"/>
    </armour2>
    <armour3>
        <title value="ArmorKey" />
        <spDescription value = "ArmorUpgrade40Key" />
        <mpDescription value = "ArmorUpgrade40Key" />
        <cost value = "1250" bike="1250" car="1250" suv="1250" sport="1250" special="1250" />
        <mp_cost value="150" bike="6000" car="7500" suv="8750" sport="10625" special="12000" />
        <speed value="0" /> 
        <handling value="0" />
        <weight value="5" />
        <partType value="ARMOUR"/>
    </armour3>
    <armour4>
        <title value="ArmorKey" />
        <spDescription value = "ArmorUpgrade60Key" />
        <mpDescription value = "ArmorUpgrade60Key" />
        <cost value = "2000" bike="2000" car="2000" suv="2000" sport="2000" special="2000" />
        <mp_cost value="150" bike="9600" car="12000" suv="14000" sport="17000" special="20000" />
        <speed value="0" /> 
        <handling value="0" />
        <weight value="10" />
        <partType value="ARMOUR"/>
    </armour4>
    <armour5>
        <title value="ArmorKey" />
        <spDescription value = "ArmorUpgrade80Key" />
        <mpDescription value = "ArmorUpgrade80Key" />
        <cost value = "3500" bike="3500" car="3500" suv="3500" sport="3500" special="3500" />
        <mp_cost value="150" bike="16800" car="21000" suv="24500" sport="29750" special="35000" />
        <speed value="0" /> 
        <handling value="0" />
        <weight value="15" />
        <partType value="ARMOUR"/>
    </armour5>
    <armour6>
        <title value="ArmorKey" />
        <spDescription value = "ArmorUpgrade100Key" />
        <mpDescription value = "ArmorUpgrade100Key" />
        <cost value = "5000" bike="5000" car="5000" suv="5000" sport="5000" special="5000" />
        <mp_cost value="150" bike="24000" car="30000" suv="35000" sport="42500" special="50000" />
        <speed value="0" /> 
        <handling value="0" />
        <weight value="20" />
        <partType value="ARMOUR"/>
    </armour6>
    <hydraulics1>
        <title value="SuspensionKey" />
        <spDescription value = "StandardKey" />
        <mpDescription value = "StandardKey" />
        <cost value = "0" bike="100" car="100" suv="100" sport="100" special="100" />
        <mp_cost value="150" bike="200" car="200" suv="200" sport="200" special="200" />
        <speed value="0" /> 
        <handling value="0" />
        <weight value="0" />
        <partType value="HYDRAULICS"/>
    </hydraulics1>
    <hydraulics2>
        <title value="SuspensionKey" />
        <spDescription value = "Suspension2Key" />
        <mpDescription value = "Suspension2Key" />
        <cost value = "500" bike="500" car="500" suv="500" sport="500" special="500" />
        <mp_cost value="150" bike="1000" car="1000" suv="1000" sport="1000" special="1000" />
        <speed value="0" /> 
        <handling value="10" />
        <weight value="0" />
        <partType value="HYDRAULICS"/>
    </hydraulics2>
    <hydraulics3>
        <title value="SuspensionKey" />
        <spDescription value = "Suspension3Key" />
        <mpDescription value = "Suspension3Key" />
        <cost value = "1000" bike="1000" car="1000" suv="1000" sport="1000" special="1000" />
        <mp_cost value="150" bike="2000" car="2000" suv="2000" sport="2000" special="2000" />
        <speed value="0" />
        <handling value="10" />
        <weight value="0" />
        <partType value="HYDRAULICS"/>
    </hydraulics3>
    <hydraulics4>
        <title value="SuspensionKey" />
        <spDescription value = "Suspension4Key" />
        <mpDescription value = "Suspension4Key" />
        <cost value = "1700" bike="1700" car="1700" suv="1700" sport="1700" special="1700" />
        <mp_cost value="150" bike="3400" car="3400" suv="3400" sport="3400" special="3400" />
        <speed value="0" />
        <handling value="10" />
        <weight value="0" />
        <partType value="HYDRAULICS"/>
    </hydraulics4>
    <hydraulics5>
        <title value="SuspensionKey" />
        <spDescription value = "Suspension5Key" />
        <mpDescription value = "Suspension5Key" />
        <cost value = "2200" bike="2200" car="2200" suv="2200" sport="2200" special="2200" />
        <mp_cost value="150" bike="4400" car="4400" suv="4400" sport="4400" special="4400" />
        <speed value="0" />
        <handling value="10" />
        <weight value="0" />
        <partType value="HYDRAULICS"/>
    </hydraulics5>
    <hydraulics6>
        <title value="SuspensionKey" />
        <spDescription value = "Suspension6Key" />
        <mpDescription value = "Suspension6Key" />
        <cost value = "2200" bike="2200" car="2200" suv="2200" sport="2200" special="2200" />
        <mp_cost value="150" bike="4600" car="4600" suv="4600" sport="4600" special="4600" />
        <speed value="0" />
        <handling value="10" />
        <weight value="0" />
        <partType value="HYDRAULICS"/>
    </hydraulics6>
    <light1>
        <title value="LightsKey" />
        <spDescription value = "StockLightsKey" />
        <mpDescription value = "StockLightsKey" />
        <cost value = "100" bike="50" car="100" suv="200" sport="200" special="300" />
        <mp_cost value="150" bike="100" car="200" suv="400" sport="400" special="600" />
        <speed value="0" /> 
        <handling value="0" />
        <weight value="0" />
        <partType value="LIGHTS"/>
    </light1>
    <light2>
        <title value="LightsKey" />
        <spDescription value = "XenonLightsKey" />
        <mpDescription value = "XenonLightsKey" />
        <cost value = "500" bike="250" car="300" suv="1000" sport="1000" special="1450" />
        <mp_cost value="3000" bike="2000" car="3000" suv="5000" sport="5000" special="7500" />
        <speed value="0" /> 
        <handling value="0" />
        <weight value="0" />
        <partType value="LIGHTS"/>
    </light2> 
    <turbo1>
        <title value="TurbosKey" />
        <spDescription value = "NoneKey" />
        <mpDescription value = "NoneKey" />
        <cost value = "0" bike="500" car="500" suv="500" sport="500" special="500" />
        <mp_cost value="150" bike="1000" car="1000" suv="2500" sport="3250" special="5000" />
        <speed value="0" /> 
        <handling value="0" />
        <weight value="0" />
        <partType value="TURBO"/>
    </turbo1>
    <turbo2>
        <title value="TurboTuningKey" />
        <spDescription value = "TurboTuningKey" />
        <mpDescription value = "TurboTuningKey" />
        <cost value="2500" bike="2500" car="2500" suv="2500" sport="2500" special="2500" />
        <mp_cost value="150" bike="24000" car="30000" suv="35000" sport="42500" special="50000" />
        <speed value="10" /> 
        <handling value="0" />
        <weight value="0" />
        <partType value="TURBO"/>
    </turbo2>
    <bulletProofTyres1>
        <title value="TiresKey" />
        <spDescription value = "BulletProofStandardKey" />
        <mpDescription value = "BulletProofStandardKey" />
        <cost value = "0" bike="100" car="100" suv="100" sport="100" special="100" />
        <mp_cost value="150" bike="200" car="200" suv="200" sport="200" special="200" />
        <speed value="0" /> 
        <handling value="0" />
        <weight value="0" />
        <partType value="ARMOUR_TYRES"/>
    </bulletProofTyres1>
    <bulletProofTyres2>
        <title value="TiresKey" />
        <spDescription value = "BulletProofKey" />
        <mpDescription value = "BulletProofKey" />
        <cost value="4000" bike="4000" car="4000" suv="4000" sport="4000" special="4000"/>
        <mp_cost value="150" bike="25000" car="25000" suv="25000" sport="25000" special="25000" />
        <speed value="0" /> 
        <handling value="-5" />
        <weight value="5" />
        <partType value="ARMOUR_TYRES"/>
    </bulletProofTyres2>
</Parts>